num,name
"10-21317","D"
"20-21143","DD"
"F9-21938","FF1"
"99-A9307","D"
"10-00000","D"
"UN-23172","DD_IWEB"
"99-21463","D"
"99-49297","D"
"UN-23510","FF1_uscb"
"99-A9016","D"
"UN-23675","D"
"ME-23684","D"
"PH-23752","D"
"UN-23738","ZZ"
"CA-23323","D"
"UN-23416","DD"
"UN-24133","DD"
"99-10203","D"
"UN-22157","D"
"UN-24368","DD"
"UN-21416","D"
"UN-24511","DD"
"UN-24808","D"
"UN-24823","D"
"UN-24824","D"
"UN-25013","D"
"UN-24801","D"
"PH-24795","D"
"UN-25187","D"
"99-A9036","D"
"UN-24825","D"
"BR-25314","E"
"IN-25505","II"
"UN-25566","FF1_USCB SAC SIP"
"UN-25843","FF1"
"UN-25879","EE"
"UN-25510","II"
"UN-26115","DD"
"UN-25901","C_ICAN"
"UN-26130","ZZ"
"UN-26390","FF"
"99-A9027","D"
"99-59872","T"
"99-A9037","D"
"99-A9067","D"
"UN-26671","EE"
"99-19628","D"
"UN-26895","D"
"CA-26813","YY"
"UN-26633","HH"
"UN-25346","FF"
"CA-27122","FF1"
"UN-27337","D"
"99-18245","D"
"99-27118","D"
"99-11992","D"
"99-A9072","D"
"99-11881","D"
"99-22882","D"
"99-A9024","D"
"99-55512","D"
"99-22291","D"
"99-11172","D"
"99-06218","D"
"UN-28013","D"
"UN-27995","D"
"UN-25857","D"
"UN-28232","DD"
"US-28341","D"
"UN-27798","DD"
"UN-27507","DD"
"99-11115","D"
"UN-26575","DD"
"UN-28663","DD"
"US-28690","DD"
"UN-28525","II_ooma"
"UN-28212","FF_ABNS"
"UN-28802","II_Vonage"
"UN-28686","DD"
"UN-27670","DD"
"UN-29084","DD"
"99-A9019","D"
"UN-28113","DD"
"UN-29053","II"
"UN-29037","II"
"UN-29201","YY"
"UN-29430","OO_Radialpoint"
"UN-29131","DD"
"CA-29232","DD"
"UN-29261","QQ"
"UN-26014","ZZ1"
"CA-29697","YY1"
"UN-29651","GryphoneNW"
"PH-29940","E"
"UN-29304","DD"
"UN-29980","FF1"
"CA-29758","DD"
"UN-30064","D"
"UN-30033","DD"
"UN-29954","DD"
"UN-30128","PremierEntNWFla"
"UN-29904","DD"
"UN-30278","ZZ"
"UN-29798","DD"
"UN-30435","D"
"UN-30436","D"
"UN-30450","D"
"UN-30446","D"
"UN-30448","D"
"UN-30449","D"
"UN-29219","DD"
"UN-30157","LL"
"99-A9015","D"
"99-39172","D"
"UN-30405","II"
"UN-31033","D"
"UN-31038","D"
"UN-31040","D"
"CA-30927","FF1"
"99-27119","D"
"UN-31212","D"
"UN-31240","D"
"UN-31039","D"
"UN-31267","FF1"
"UN-31228","EE"
"UN-31487","D"
"UN-31488","D"
"UN-31489","D"
"CA-31484","DD"
"UN-31490","D"
"UN-31066","D"
"CA-31330","DD"
"99-A9308","D"
"99-37912","D"
"UN-31491","D"
"UN-31492","D"
"IN-31638","DD"
"UN-31493","D"
"UN-31494","D"
"UN-29820","FF1"
"UN-31607","FF1"
"US-31921","D"
"UN-31333","EE"
"UN-32081","A"
"UN-32054","D"
"UN-32052","D"
"UN-32049","D"
"UN-32051","D"
"99-10211","D"
"99-10213","D"
"99-10214","D"
"UN-32163","D"
"UN-32048","D"
"UN-32050","D"
"UN-31148","DD"
"UN-31724","Bosley Manual"
"US-32358","D"
"UN-31787","EE"
"99-A9025","D"
"US-32355","GG - Do not use - requires SVP approval"
"UN-32317","DD"
"UN-30765","II"
"UN-32235","MM_with_lower_IB"
"99-10215","D"
"99-10216","D"
"99-10217","D"
"UN-32432","GG_tmone_test"
"UN-32601","GG_TMone ATT Midwest"
"UN-32503","FF1"
"UN-32778","GG_tmone_test"
"UN-32515","FF1"
"UN-32489","HH"
"UN-32206","FF1"
"UN-31949","DD"
"UN-32741","DD"
"UN-27169","FF1"
"UN-31316","HH_Cinemark"
"UN-33074","GG_custom_all-0.012"
"UN-31262","FF1"
"UN-32295","II"
"UN-31589","DD"
"UN-31255","LL"
"UN-31916","DD"
"UN-33172","DD"
"UN-29812","DD"
"UN-33465","D"
"UN-33462","D"
"UN-33466","D"
"UN-33464","D"
"UN-33463","D"
"UN-32830","DD"
"US-33506","D"
"UN-33306","II"
"UN-33375","EE"
"UN-31796","II"
"UN-32722","II"
"UN-33163","FF"
"UN-32794","DD"
"UN-33211","DD"
"UN-33301","II"
"UN-33161","HH"
"UN-33007","F_PremierB_sip2"
"UN-33684","HH"
"UN-33870","II_Concept_Rocket"
"US-33967","D"
"US-33970","D"
"UN-52460","D"
"UN-52462","D"
"UN-52458","D"
"UN-33814","FF1"
"99-56563","D"
"UN-32459","YY"
"UN-33925","HH"
"UN-33959","DD"
"UN-34171","GG_tmone_test"
"UN-32699","FF"
"UN-33704","HH"
"UN-33476","ZZ"
"UN-33919","EE"
"UN-33140","DD"
"UN-34343","GG - Do not use - requires SVP approval"
"UN-34342","GG - Do not use - requires SVP approval"
"UN-34069","DD"
"UN-32291","LL"
"UN-30822","II"
"US-34530","D"
"UN-34572","DD"
"UN-34585","DD"
"UN-34626","D"
"UN-34631","DD"
"UN-34669","A"
"UN-33976","II_HV_AD"
"UN-34483","OO"
"UN-32542","HH"
"UN-34390","II"
"UN-34808","II_HV_AD"
"CA-34364","HH"
"UN-34818","GG_tmone_test"
"UN-34815","GG_tmone_test"
"UN-34995","D"
"UN-34514","II"
"UN-34817","GG_tmone_test"
"UN-34624","FF1"
"UN-34894","FF"
"US-35050","D"
"UN-32624","FF1"
"UN-31885","DD"
"UN-34798","FF_Clickspark"
"UN-35243","II"
"UN-35171","FF1"
"UN-35173","II"
"UN-34399","FF1"
"UN-35489","H"
"UN-34377","C_ASHWORTH"
"UN-35533","YY"
"US-35601","DD"
"UN-24885","II"
"UN-35659","II"
"PH-35707","A"
"UN-35330","HH"
"UN-35810","DD"
"UN-35901","C_ICAN"
"CA-26213","DD"
"UN-34706","II_HV_AD"
"US-36048","DD"
"UN-36056","FF1"
"UN-35696","II"
"UN-36128","DD"
"UN-36104","II"
"UN-35863","FF1"
"99-A9386","D"
"CA-35685","II"
"UN-36203","DD"
"UN-36236","FF1"
"US-36287","DD"
"UN-35509","YY_gerovicap"
"UN-35124","HH"
"UN-36293","GG_TMone ATT SE"
"CA-36349","FF_Oricon"
"UN-36383","GG - Do not use - requires SVP approval"
"UN-33356","II"
"UN-36280","GG_tmone_test"
"99-A9309","D"
"UN-36115","II"
"99-11173","D"
"UN-34999","HH"
"UN-36372","II"
"US-36491","DD"
"CA-36282","II"
"CA-23161","FF1"
"UN-36581","II"
"UN-36238","HH"
"UN-35345","II"
"US-36566","DD"
"UN-36610","GG - Do not use - requires SVP approval"
"UN-36568","DD"
"CA-36650","II"
"UN-36673","II"
"UN-36665","II"
"UN-36682","QQ"
"UN-36510","YY2"
"UN-36173","II"
"UN-36630","YY"
"UN-36411","YY1"
"UN-36484","FF1"
"UN-36575","DD"
"UN-35121","C_Debt Free America"
"UN-36704","YY"
"UN-36786","HH"
"UN-36700","FF1"
"UN-36893","DD"
"UN-36903","DD"
"UN-36881","C_ICAN_Junk a Car"
"UN-36737","FF"
"UN-36985","II"
"UN-37007","C_Debt Free America_1"
"UN-36355","II"
"CA-36463","II"
"UN-31865","HH_HV_AD"
"UN-37096","FF"
"UN-36953","LL"
"UN-37066","FF1_Oasis Marketing"
"UN-37202","QQ"
"UN-36822","II"
"UN-37311","GG - Do not use - requires SVP approval"
"UN-37359","GG_tmone_test"
"UN-37399","A"
"UN-37360","GG - Do not use - requires SVP approval"
"UN-37358","GG_tmone_test"
"UN-36796","II"
"UN-37436","C_Debt Free America"
"UN-37440","C_Debt Free America"
"UN-37441","II"
"UN-37398","DD"
"UN-37424","C_Debt Free America"
"UN-37437","C_Debt Free America"
"UN-37446","DD"
"UN-37403","ZZ1"
"UN-33029","ZZ"
"UN-37540","FF"
"UN-37641","DD"
"UN-37625","GG_tmone_test"
"UN-37564","QQ"
"UN-37501","HH"
"UN-52461","DD"
"UN-52463","D"
"UN-52459","D"
"UN-37648","FF"
"UN-37669","DD"
"UK-37561","II"
"CO-37527","ZZ"
"US-37705","D"
"UN-37677","II"
"UN-37773","ZZ"
"UN-36140","DD"
"UN-37817","ZZ"
"CA-37782","FF"
"UN-35603","II"
"US-36434","II"
"UN-37165","YY"
"UN-37971","DD"
"UN-31967","II"
"UN-37993","DD"
"UN-37958","DD"
"UN-38038","II"
"UN-38057","FF1"
"UN-38046","GG_tmone_test"
"UN-38068","FF1"
"UN-38336","II"
"UN-37166","II"
"AU-37830","II"
"UN-38450","GG_tmone_test"
"UN-34496","ZZ"
"99-00218","DD"
"UN-38572","II"
"UN-37712","HH"
"UN-38565","ZZ2"
"UN-36416","FF"
"UN-38580","ZZ"
"CA-38732","II"
"UN-38589","DD"
"UN-38748","ZZ"
"UN-36776","FF1"
"UN-37890","DD"
"UN-38939","FF"
"UN-33578","GG_custom_all-0.012"
"UN-39011","ZZ"
"UN-38880","ZZ"
"UN-39054","II"
"UN-39059","C_ICAN"
"09-10022","F_PremierB_sip"
"UN-38675","FF1"
"GE-37955","FF"
"UN-24988","FF"
"UN-39081","FF1"
"CA-38832","II"
"US-39189","D"
"CA-38430","II"
"UN-39202","DD"
"UN-39005","ZZ"
"UN-38172","ZZ"
"UN-38683","FF"
"UN-39167","ZZ"
"UN-38681","LL"
"UN-37120","ZZ"
"UN-36512","II"
"UN-38593","II"
"CA-39340","II"
"UN-37516","DD"
"UN-39388","DD"
"UN-39421","DD"
"UN-39300","II"
"UN-39459","DD"
"UN-39482","DD"
"UN-39486","D"
"UN-39141","ZZ"
"UN-39535","D"
"AU-39225","II"
"UN-39187","DD"
"UN-39350","FF"
"UN-39275","II"
"UN-35823","FF1"
"UN-39380","ZZ"
"99-28374","ZZ"
"UN-38640","II"
"99-30000","D"
"99-30001","D"
"UN-39497","FF"
"UN-39684","ZZ"
"UN-39748","YY1"
"UN-39685","ZZ"
"UN-39849","II"
"52-12345","D"
"UN-33930","FF1"
"52-00003","D"
"99-00202","D"
"UN-39832","II_Concept_Rocket"
"UN-39845","FF1"
"UN-37794","ZZ"
"99-39003","D"
"UN-39095","ZZ"
"UN-39960","FF_HV_AD"
"CA-39930","II"
"UN-39959","DD"
"CA-39833","II"
"US-39979","DD"
"US-39978","DD"
"UN-40047","II"
"99-39004","D"
"UN-39969","DD"
"UN-39994","DD"
"UN-40051","F"
"UN-38578","CustomerLink"
"99-19274","D"
"99-03766","D"
"99-03769","D"
"99-03770","D"
"UN-40122","ZZ"
"UN-40156","DD"
"99-03768","D"
"ME-39102","II"
"UN-39819","ZZ"
"UN-39865","ZZ"
"UN-40233","DD"
"UN-40261","QQ"
"UN-31754","ZZ"
"UN-37725","II"
"UN-40241","FF"
"UN-39101","YY"
"UN-39731","FF"
"UN-39882","D"
"UN-39696","FF"
"UN-39423","II"
"UN-40522","DD"
"UN-40407","ZZ"
"UN-40028","ZZ"
"UN-40546","FF"
"UN-39594","ZZ"
"UN-40246","YY"
"UN-40567","D"
"UN-40613","II"
"UN-40677","D"
"UN-40705","DD"
"CA-40482","II"
"UN-40695","DD"
"UN-40696","DD"
"UN-40697","DD"
"UN-39840","ZZ2"
"UN-33662","ZZ"
"UN-40742","D"
"UN-40262","DD"
"UN-40771","ZZ"
"UN-40208","FF"
"UN-40857","DD"
"UN-40821","FF"
"UN-40221","FF"
"UN-40755","ZZ"
"UN-40548","FF"
"UN-40471","ZZ"
"UN-40910","ZZ"
"UN-40965","FF"
"UN-39009","QQ"
"UN-41032","II"
"UN-41078","FF_Dun Bradstreet"
"99-11221","F"
"UN-41139","FF"
"UN-40993","ZZ"
"UN-40918","HH"
"UN-41070","C_ICAN"
"UN-40937","ZZ"
"UN-41174","II"
"UN-41205","DD"
"UN-41206","DD"
"UN-41161","ZZ"
"UN-40582","ZZ"
"UN-40746","ZZ"
"UN-41178","QQ"
"UN-40586","FF1"
"UN-40998","FF"
"99-18293","ZZ"
"UN-40809","ZZ"
"UN-41310","C_ICAN"
"UN-41240","ZZ"
"UN-41202","II"
"UK-40519","II"
"UN-40815","ZZ"
"99-19264","ZZ"
"UN-39997","II"
"UN-41371","FF"
"UN-41408","DD"
"UN-41409","DD"
"UN-22637","FF_tod"
"UN-39211","II"
"UN-40999","OO"
"UN-21822","FF"
"UN-41582","DD"
"UN-41585","II"
"UN-40309","LL"
"UN-41260","II"
"UN-39749","ZZ"
"UN-41617","II"
"UN-41692","II"
"UN-41698","ZZ"
"CA-33718","II"
"UN-41222","II"
"UN-40403","C_ICAN"
"UN-40837","II"
"UN-41059","C_Debt Free America"
"UN-41614","DD"
"UN-41813","ZZ"
"UN-40887","ZZ"
"99-19826","ZZ"
"UN-41471","ZZ1"
"UN-41673","LL_OTMX"
"UN-37543","ZZ"
"UN-41639","II"
"UN-41734","II"
"UN-41902","II"
"UN-41575","ZZ"
"UN-40711","ZZ"
"UN-41883","DD"
"UN-41885","DD"
"UN-41886","DD"
"UN-40243","II"
"UN-41904","II"
"UN-41906","II"
"UN-40523","II"
"UN-41270","FF"
"UN-42122","ZZ1"
"US-41573","FF"
"UN-42200","II"
"UN-42468","FF"
"UN-42047","FF_Education Dynamics"
"CA-41010","II"
"UN-41856","FF"
"US-42550","DD"
"UN-42551","DD"
"UN-42182","II"
"UN-42618","ZZ"
"UN-42620","DD"
"PA-42475","II"
"UN-41368","II"
"UN-A9256","ZZ"
"UN-42561","FF"
"UN-42732","DD"
"UN-41896","II"
"US-42729","FF"
"UN-42841","DD"
"UN-42161","II"
"UN-42581","ZZ"
"UN-42166","II"
"UN-42170","II"
"UN-42862","ZZ"
"99-A9063","T"
"CA-34889","FF1"
"UN-42761","II"
"UN-42614","ZZ"
"ME-42171","II"
"UN-41763","ZZ"
"US-42432","FF1"
"ME-42167","II"
"UN-41066","II"
"UN-34803","ZZ1"
"99-A9039","ZZ"
"UN-43187","DD"
"UN-40754","ZZ"
"UN-42169","II"
"UN-42164","II"
"UN-43218","II"
"UN-43227","ZZ"
"UN-39338","ZZ1_Overage $0.0125"
"UN-42168","II"
"US-42836","C_ICAN"
"UN-42630","ZZ"
"UN-43346","FF1"
"UN-42317","ZZ"
"UN-43251","FF"
"UN-42480","ZZ"
"US-43422","D"
"UN-43405","DD"
"US-43425","D"
"UN-40414","ZZ"
"UN-42673","II"
"UN-43442","FF"
"UN-43545","FF"
"UN-43869","ZZ"
"UN-44191","DD"
"UN-45001","T"
"UN-44187","FF"
"UN-44305","DD"
"UN-44418","DD"
"UN-44485","FF"
"UN-44514","F"
"UN-39851","FF"
"IN-43465","II"
"99-A9310","T"
"UN-43122","YY"
"UN-43236","ZZ"
"UN-40187","ZZ"
"UN-40908","FF"
"UN-36695","FF"
"UN-43542","FF"
"UN-42192","FF"
"UN-43432","D"
"UN-34013","II"
"UN-43720","D"
"UN-43724","D"
"UN-41775","YY"
"UN-43624","ZZ"
"UN-43758","FF_gcs"
"UN-43741","YY1"
"UN-43804","II"
"UN-42554","ZZ"
"UN-41281","OO"
"UN-43805","D"
"99-18246","D"
"UN-43848","ZZ"
"UN-43550","II"
"UN-43824","C_ICAN"
"UN-43900","II"
"UN-43203","ZZ"
"UN-43956","FF"
"UN-43999","FF_Federated Pmt Systems"
"WE-42165","II"
"UN-43889","ZZ"
"US-44032","FF1"
"UN-44051","FF1"
"UN-44047","C_RAE_Santa_Rosa"
"UN-43828","ZZ"
"UN-44210","DD"
"UN-44226","ZZ"
"UN-44288","DD"
"UN-44086","FF"
"UN-43507","ZZ"
"UN-44197","D"
"UN-44058","ZZ1"
"IN-44234","II"
"UN-44382","ZZ"
"UN-44092","Open English"
"UN-44091","FF1"
"UN-44447","II"
"UN-44462","II"
"UN-44483","FF"
"UN-44499","FF"
"UN-44459","FF"
"UN-43457","YY"
"UN-44522","DD"
"UN-44517","II"
"UN-44502","II"
"UN-44504","II"
"UN-44548","II"
"UN-44425","I"
"UN-44532","F"
"UN-41678","DD"
"UN-44688","II"
"UN-44675","DD"
"UN-44757","FF"
"99-00240","D"
"UN-43945","ZZ"
"UN-44576","DD"
"UN-44344","ZZ"
"99-A9311","D"
"UN-23006","FF"
"09-10023","T"
"UN-44677","DD"
"UN-38944","ZZ"
"UN-44206","ZZ"
"99-A9258","D"
"UN-44726","C_AccWorld"
"UN-44217","ZZ"
"99-A9035","ZZ"
"US-44840","DD"
"99-A9076","DD"
"UN-44650","II_ILD Corporation"
"99-A9312","D"
"UN-44959","II"
"US-44429","ZZ"
"UN-41923","KK"
"US-44972","DD"
"UN-44607","DD"
"UN-44700","FF"
"UN-44705","FF"
"UN-44892","FF_Sacramento 211 California"
"UN-45066","FF"
"UN-43771","FF"
"UN-44699","FF_Ventura 211 California"
"UN-44868","YY"
"UN-42328","YY"
"UN-45132","II"
"UN-45135","II"
"UN-44229","ZZ"
"UN-39874","QQ_Matrix Medical"
"UN-44710","LL"
"UN-45062","II"
"UN-44516","ZZ"
"US-45193","FF"
"UN-45104","FF"
"UN-45251","FF"
"UN-45420","HH"
"US-45175","FF"
"US-45190","FF"
"UN-42565","II"
"UN-44960","II"
"UN-44641","YY"
"UN-45096","QQ_Avanquest"
"UN-45186","FF"
"UN-23559","FF"
"UN-45247","DD"
"UN-39253","ZZ"
"UN-43392","ZZ"
"UN-45192","ZZ"
"UN-45347","ZZ"
"US-45355","DD"
"UN-45272","ZZ"
"UN-45195","ZZ"
"UN-45246","ZZ"
"UN-45346","ZZ"
"UN-42179","DD"
"UN-45088","ZZ1"
"US-45464","HH"
"UN-45400","ZZ"
"UN-45485","II"
"UN-45103","FF"
"UN-34666","DD"
"UN-45488","II"
"UN-45573","ZZ"
"UN-45644","II"
"UN-45523","ZZ"
"UN-45299","DD"
"UN-45179","FF"
"UN-45764","KK_invenio"
"UN-44874","ZZ"
"CA-44293","ZZ"
"UN-45637","ZZ2"
"UN-26143","MM"
"UN-45845","DD"
"UN-45875","FF"
"UN-45877","FF"
"UN-45882","FF"
"UN-45886","FF"
"UN-45879","FF"
"UN-45884","FF"
"UN-45889","FF"
"UN-45890","FF"
"UN-45888","FF"
"UN-45844","ZZ"
"UN-45880","ZZ"
"99-A9029","T"
"UN-45164","ZZ"
"UN-45383","LL"
"US-45946","II"
"UN-45951","ZZ"
"UN-45601","ZZ"
"UN-45626","ZZ"
"UN-45445","LL"
"UN-45945","C_ICAN"
"UN-46106","II"
"GE-44392","DD"
"UN-46136","DD"
"UN-46107","FF"
"UN-46199","DD"
"UN-46216","FF"
"UN-45702","ZZ"
"UN-45422","FF"
"CA-45865","FF"
"UN-46215","FF"
"UN-43421","ZZ"
"UN-45443","ZZ"
"UN-45727","ZZ"
"UN-45651","YY"
"UN-46331","ZZ"
"UN-31110","ZZ1"
"UN-46366","ZZ"
"UN-46351","DD"
"US-39590","FF"
"UN-46479","ZZ"
"UN-45911","FF"
"UN-46537","DD"
"UN-46033","OO"
"UN-34210","FF"
"UN-45699","ZZ"
"UN-45587","FF_SHS Group"
"UN-46536","DD"
"UN-46813","DD"
"UN-47085","DD"
"UN-47281","DD"
"UN-47385","DD"
"UN-47420","DD"
"UN-47976","DD"
"UN-48343","FF_HV_AD"
"UN-48498","DD"
"UN-46560","DD"
"UN-46112","LL"
"UN-41243","DD"
"UN-45226","ZZ"
"UN-46385","ZZ"
"UN-39347","Transcend Media"
"UN-46229","ZZ"
"UN-45920","ZZ"
"UN-46710","DD"
"UN-46621","ZZ"
"UN-37730","ZZ"
"UN-46774","AWW"
"UN-46736","FF"
"UN-46731","II"
"UN-45667","II"
"UN-46801","II"
"UN-46464","ZZ"
"UN-35161","ZZ"
"UN-46835","II"
"UN-46591","ZZ"
"UN-46867","ZZ"
"UN-45720","ZZ"
"UN-46667","ZZ"
"UN-46961","ZZ"
"UN-47042","DD"
"UN-47046","DD"
"UN-47044","DD"
"UN-47048","DD"
"UN-47050","DD"
"US-46996","FF"
"UN-46133","ZZ"
"UN-47028","DD_Jason2"
"UN-47063","ZZ"
"UN-46564","ZZ"
"UN-47024","ZZ"
"US-46981","II"
"UN-46984","D"
"XX-00001","FF-TeleCentrics"
"UN-44599","ZZ"
"UN-46972","YY"
"UN-43979","ZZ"
"UN-47250","II"
"UN-46735","C_ICAN"
"UN-47031","YY"
"UN-47296","II"
"UN-47297","II"
"UN-21347","ZZ"
"UN-46404","FF"
"UN-47319","II"
"UN-47322","II"
"UN-47350","DD"
"UN-47078","ZZ"
"UN-47283","ZZ"
"UN-46529","II"
"UN-47214","ZZ"
"UN-47492","DD"
"UN-44723","ZZ"
"UN-47539","II"
"XX-00002","DD"
"UN-47371","FF1"
"CA-46844","II"
"UN-47449","YY"
"UN-46779","ZZ"
"UN-41944","FF"
"UN-41016","FF"
"UN-47357","ZZ"
"UN-47614","QQ"
"UN-47194","KK"
"UN-47640","AWW"
"UN-47681","ZZ1_Overage $0.0150"
"UN-46105","FF"
"UN-47528","ZZ"
"UN-47617","YY"
"UN-47732","ZZ"
"UN-47853","DD"
"UN-47885","FF_Citrix Sys Prod Sales"
"UN-47986","II"
"UN-47990","II"
"UN-46892","ZZ_Paul Moss"
"UN-48123","FF"
"UN-47391","ZZ"
"US-48126","FF"
"UN-48211","II"
"UN-48229","II"
"US-48246","HH"
"UN-46520","FF"
"UN-47336","GG_custom_all-0.012"
"UN-48295","ZZ"
"UN-47988","FF"
"CA-45608","II"
"UN-48383","II"
"UN-48388","II"
"UN-42541","ZZ"
"US-44646","F"
"US-48311","AWW"
"UN-48502","DD"
"UN-48567","FF"
"UN-48736","ZZ"
"UN-48810","EE"
"UN-49071","II"
"UN-49507","FF"
"UN-49571","ZZ"
"UN-48515","ZZ"
"UN-46468","GG - Do not use - requires SVP approval"
"CA-48315","II"
"UN-48156","ZZ_Your Home Adv"
"UN-47277","II"
"UN-48408","FF"
"UN-47203","C_ICAN"
"US-48591","DD"
"US-48589","DD"
"UN-48635","FF"
"UN-47950","YY"
"UN-48543","ZZ"
"UN-48318","ZZ"
"US-48660","D"
"UN-43563","FF"
"UN-48672","FF"
"UN-46850","ZZ"
"UN-48689","II"
"US-48711","DD"
"US-48661","D"
"UN-48647","DD"
"UN-48714","DD"
"UN-48709","DD"
"99-A9066","FF"
"UN-48640","ZZ"
"UN-48796","II"
"UN-48783","ZZ"
"UN-48725","E"
"UN-41179","YY"
"UN-48790","II_RevGuard"
"UN-48713","DD"
"UN-48788","ZZ"
"UN-48698","DD"
"UN-48539","ZZ"
"UN-48873","ZZ"
"UN-49078","FF_A Marketing Resource"
"UN-49062","II"
"UN-46028","YY_senergy2"
"UN-49059","C_ICAN"
"99-A9313","D"
"UN-48435","YY1"
"UN-48145","ZZ"
"UN-48163","ZZ"
"99-A9314","DD"
"UN-49509","II"
"UN-49485","II"
"UN-48910","QQ"
"UN-49510","II"
"UN-49480","YY"
"UN-49488","ZZ"
"UN-49436","QQ"
"99-08999","FF_Tiger"
"US-49550","FF"
"UN-43835","ZZ"
"UN-48466","II"
"UN-49577","ZZ"
"UN-48699","YY"
"UN-49526","YY"
"99-A9065","DD"
"UN-49760","C_ICAN"
"UN-44800","YY"
"UN-48900","YY"
"SR-49719","D"
"UN-49905","ZZ"
"UN-49913","FF"
"UN-49958","F"
"UN-49998","ZZ"
"UN-50054","FF"
"UN-50523","ZZ"
"IR-50550","ZZ"
"UN-48441","FF"
"99-A9040","DD"
"UN-49791","DD"
"UN-49792","DD"
"UN-49798","II"
"UN-49800","II"
"UN-49860","II"
"CO-49835","FF1_Vialinx3"
"UN-49438","YY"
"US-49847","GG_custom_all-0.012"
"UN-49901","YY"
"UN-48749","ZZ"
"UN-49929","FF_pennymac_bandwith"
"UN-49439","ZZ"
"UN-40121","ZZ"
"UN-48857","ZZ"
"UN-45623","ZZ2"
"UN-43582","YY"
"UN-42763","C_ICAN"
"UN-49815","ZZ"
"UN-50087","DD"
"UN-50036","YY"
"UN-47889","YY"
"UN-46263","ZZ"
"UN-49720","YY"
"UN-50065","YY"
"UN-50153","QQ"
"UN-50032","YY"
"US-49801","YY"
"UN-50219","YY"
"UN-41416","FF"
"UN-50294","YY"
"UN-50146","ZZ"
"UN-50185","YY"
"PH-50161","YY"
"UN-50338","YY"
"UN-50018","YY"
"99-00123","DD"
"US-50078","FF"
"UN-50120","YY"
"IR-49926","ZZ"
"UN-49474","YY"
"US-44822","FF"
"UN-50555","II_HV_AD"
"UN-49884","YY"
"UN-49134","YY"
"UN-50211","DD"
"UN-47406","FF"
"UN-50554","II_HV_AD"
"UN-50662","ZZ"
"UN-50647","ZZ"
"UN-50814","FF"
"UN-50889","FF"
"UN-50961","D"
"UN-51183","FF"
"GE-50580","FF"
"UN-50576","YY"
"UN-46684","II"
"UN-50689","FF"
"UN-50648","II"
"UN-50664","FF1"
"UN-47103","C_ICAN - Sokolove"
"UN-50695","II"
"UN-50734","AWW"
"UN-48240","FF_Stellar Restaurant Sol"
"UN-50765","II"
"UN-46739","GG - Do not use - requires SVP approval"
"UN-50788","FF"
"UN-50225","FF"
"UN-50762","ZZ"
"UN-50806","DD"
"UN-50213","II"
"UN-50481","YY"
"09-09090","DD"
"UN-50746","YY"
"UN-43995","FF"
"99-A9031","DD"
"09-09091","DD"
"CA-50901","DD"
"UN-50242","ZZ"
"UN-49886","FF"
"US-51102","ZZ"
"UN-49424","YY"
"UN-51110","FF"
"UN-51176","FF"
"UN-51337","ZZ"
"UN-51338","FF"
"UN-51339","DD"
"UN-51363","FF"
"UN-51436","ZZ"
"UN-51568","FF"
"UN-51608","FF"
"UN-51635","FF"
"UN-49856","YY"
"UN-50654","C_ICAN_Menacola Mktg"
"UN-50574","ZZ1"
"US-51166","FF"
"UN-47810","YY"
"UN-51303","YY"
"UN-51179","DD"
"UN-90999","DD"
"UN-51182","DD"
"99-A9060","T"
"IN-51329","II"
"UN-46807","ZZ"
"99-A9032","DD"
"UN-42809","YY"
"UN-51466","DD"
"UN-51522","DD_Five9 Test"
"99-A9073","DD"
"UN-51548","YY1"
"UN-51523","ZZ"
"UN-51439","QQ"
"CA-51310","YY"
"UN-51467","DD"
"UN-51046","YY"
"UN-51570","FF"
"UN-51631","C_ICAN"
"UN-51464","ZZ"
"UN-51621","ZZ2"
"UN-46042","ZZ"
"UN-51674","II"
"UN-51683","DD"
"UN-49990","GG_American Support"
"UN-51440","ZZ"
"UN-51689","ZZ"
"UN-51709","II"
"CA-51719","FF"
"UN-51765","FF"
"UN-51886","ZZ"
"UN-52019","FF"
"UN-52103","ZZ"
"UN-52143","II"
"UN-52136","ZZ"
"UN-52137","ZZ"
"UN-51718","II"
"UN-51354","YY2"
"UN-51379","YY"
"UN-51769","YY"
"UN-51721","GG - Do not use - requires SVP approval"
"UN-44784","YY"
"UN-51700","YY"
"CA-51771","YY"
"UN-51901","II"
"UN-51744","FF"
"UN-51926","FF"
"UN-51743","YY"
"CA-51892","DD"
"UN-51928","DD"
"UN-51915","DD"
"UN-51914","DD"
"UN-51917","DD"
"UN-51919","DD"
"UN-51918","DD"
"UN-51920","DD"
"UN-51929","DD"
"UN-51904","YY"
"UN-39964","C_ICAN"
"UN-48164","YY"
"UN-50738","YY"
"UN-48624","YY"
"UN-50335","YY"
"UN-51789","YY"
"CA-52004","FF"
"UN-52014","FF"
"UN-45792","GG - Do not use - requires SVP approval"
"UN-35395","C_ICAN"
"UN-52022","II"
"UN-52037","YY"
"UN-52040","HH"
"UN-52088","II"
"UN-51989","YY"
"UN-51921","YY"
"UN-51969","ZZ"
"UN-48828","C_ICAN_gateway_sip"
"UN-50339","YY"
"UN-51992","YY"
"UN-52148","YY"
"UN-52125","DD"
"UN-52116","DD"
"UN-52130","DD"
"UN-55536","T-Andy"
"UN-52126","DD"
"UN-52118","DD"
"UN-52131","DD"
"UN-52128","DD"
"UN-52122","DD"
"UN-52133","DD"
"UN-52151","FF"
"UN-52149","FF"
"UN-52226","FF"
"EG-52298","FF"
"UN-52326","FF"
"UN-52405","ZZ"
"UN-52437","H"
"UN-51997","II"
"UN-52129","DD"
"UN-52124","DD"
"UN-52135","DD"
"UN-51590","ZZ2"
"UN-48501","YY"
"UN-52085","YY"
"UN-52105","QQ"
"UN-51786","YY"
"99-A9061","CC"
"UN-52261","DD"
"UN-52260","DD"
"UN-52262","DD"
"UN-52240","YY"
"UN-50786","YY"
"UN-52219","YY"
"UN-52427","DD"
"UN-52318","ZZ"
"UN-52404","YY"
"UN-52113","YY"
"UN-51701","YY"
"CA-52255","FF"
"UN-52521","FF"
"UN-46375","YY"
"UN-50182","C_ICAN"
"UN-51165","YY"
"UN-50707","YY"
"UN-52449","YY"
"UN-52581","FF"
"UN-52604","DD"
"UN-52614","DD"
"UN-52615","DD"
"UN-52619","DD"
"UN-52611","DD"
"UN-52620","DD"
"UN-52616","DD"
"UN-52612","DD"
"UN-52621","DD"
"UN-50921","LL_McKesson"
"UN-43952","YY"
"UN-52630","II"
"UN-52660","DD"
"UN-52292","YY"
"UN-52247","YY"
"UN-41088","YY"
"CA-52845","FF"
"UN-52848","FF"
"CA-52552","FF"
"UN-51724","ZZ"
"UN-52691","YY"
"UN-52138","FF"
"UN-52305","FF"
"UN-52613","DD"
"UN-52618","DD"
"UN-52622","DD"
"UN-52067","YY"
"CA-47519","YY"
"UN-46888","II"
"UN-52865","DD"
"UN-52470","GG_BroadPath Healthcare"
"UN-47284","YY"
"UN-48530","YY"
"UN-52923","QQ"
"UN-52588","YY"
"UN-52577","YY"
"UN-52246","SS_NA Power"
"UN-53118","DD"
"99-A9042","F"
"UN-53628","FF"
"UN-54013","ZZ"
"CA-54208","FF"
"IN-54258","FF"
"UN-53123","YY2"
"99-44444","F"
"UN-51733","YY"
"UN-53228","II"
"UN-53219","II"
"PA-53322","Open English SBC"
"99-A9068","D"
"99-A9069","RC-D_DryRun010"
"UN-53399","DD"
"UN-53394","DD"
"UN-53398","DD"
"UN-53397","DD"
"UN-53400","DD"
"UN-53396","DD"
"UN-53229","YY"
"UN-53408","DD"
"UN-53423","DD"
"UN-53424","DD"
"UN-53425","DD"
"UN-53451","C_ICAN"
"UN-52280","YY"
"US-52748","FF"
"UN-52594","II"
"UN-52924","YY"
"UN-53440","DD"
"UN-47256","YY1"
"UN-53568","DD_five9proserv39"
"UN-52556","YY1"
"UN-53648","YY"
"UN-52500","QQ"
"UN-53627","ZZ"
"UN-53742","DD"
"UN-53517","YY"
"UN-37281","YY"
"UN-53741","YY"
"UN-53483","YY"
"UN-53805","II"
"UN-49844","GG_custom_all-0.012"
"UN-53606","YY"
"UN-51498","YY"
"UN-52553","ZZ"
"UN-52795","YY"
"99-45829","DD"
"UN-52172","YY"
"UN-51984","ZZ"
"UN-32745","II"
"UN-54074","YY"
"UN-54112","GG - Do not use - requires SVP approval"
"CA-53990","YY"
"UN-54137","DD"
"UN-54135","DD"
"UN-54048","YY"
"UN-54146","DD"
"UN-54142","DD"
"UN-54116","YY"
"CA-53985","YY"
"UN-52583","YY"
"UN-54147","DD"
"UN-54152","DD"
"UN-54157","DD"
"UN-54148","DD"
"UN-54150","DD"
"UN-54153","DD"
"UN-54155","DD"
"UN-54158","DD"
"UN-54160","DD"
"UN-53701","YY"
"CA-40139","YY"
"UN-54188","YY"
"UN-53975","YY1"
"UN-54247","DD"
"UN-54248","DD"
"UN-54253","ZZ"
"CA-54323","DD"
"CO-55192","F"
"UN-55597","ZZ"
"UN-50985","II"
"UN-54274","YY"
"UN-52984","YY"
"UN-54316","DD"
"UN-54315","DD"
"UN-54314","DD"
"UN-54320","FF"
"UN-54444","DD"
"UN-54199","ZZ"
"UN-54442","YY"
"UN-54465","FF1"
"UN-54527","FF"
"UN-54156","DD"
"UN-54151","DD"
"UN-54161","DD"
"UN-54510","DD"
"UN-54504","DD"
"UN-54507","DD"
"UN-54591","DD"
"UN-54285","YY"
"UN-54544","YY"
"ME-54144","QQ"
"UN-37700","YY1"
"UN-54548","DD"
"UN-54553","DD"
"UN-54551","DD"
"UN-54511","C_ICAN"
"UN-54306","SS_OCMD Mktg"
"UN-53964","YY"
"UN-54525","YY"
"CA-52084","YY"
"UN-54928","II"
"UN-54904","DD"
"UN-54885","DD"
"UN-54894","DD"
"CA-54463","YY"
"UN-53978","C_ICAN"
"UN-54906","DD"
"UN-54887","DD"
"UN-54896","DD"
"UN-54910","DD"
"UN-54891","DD"
"UN-54900","DD"
"UN-54902","DD"
"UN-54911","DD"
"UN-54892","DD"
"UN-54903","DD"
"UN-54893","DD"
"UN-54913","DD"
"UN-55018","DD"
"UN-55017","DD"
"UN-52600","YY"
"UN-55016","DD"
"UN-55111","II"
"UN-55107","RC-II_SalesFive9_41"
"UN-55102","ZZ"
"UN-55063","ZZ2"
"UN-55089","YY"
"UN-55112","II"
"UN-54784","LL_BMI"
"UN-55221","DD"
"UN-54888","DD"
"UN-54907","DD"
"UN-54897","DD"
"UN-54908","DD"
"UN-54889","DD"
"UN-54898","DD"
"UN-54909","DD"
"UN-54890","DD"
"UN-54899","DD"
"UN-55523","DD_Five9 Test"
"UN-55170","YY"
"UN-54280","YY"
"US-54244","YY"
"UN-55605","DD"
"UN-49767","II_kit_hb"
"UN-55468","YY"
"UN-54494","YY"
"UN-51115","YY"
"UN-55897","FF"
"UN-55898","FF"
"UN-54021","ZZ"
"UN-55942","II"
"UN-54971","YY"
"UN-54334","ZZ"
"UN-50346","C_Citadel"
"UN-55154","DD"
"UN-55157","DD"
"UN-55160","DD"
"UN-56125","DD"
"UN-56127","DD"
"UN-56126","DD"
"UN-56128","DD"
"UN-56129","DD"
"UN-56130","DD"
"UN-51952","YY"
"UN-55616","FF"
"UN-55943","FF1"
"UN-56124","FF"
"UN-56259","ZZ"
"UN-56928","FF"
"UN-57284","FF"
"UN-57936","FF"
"UN-58039","GG_American Support"
"UN-58088","DD"
"UN-58348","FF"
"UN-56134","ZZ"
"UN-55983","II_OptionsHouse"
"UN-55587","DD"
"UN-55598","DD"
"UN-55580","DD"
"UN-54533","YY"
"UN-55156","DD"
"UN-55159","DD"
"UN-55164","DD"
"UN-55534","DD"
"UN-55535","DD"
"99-A9017","DD"
"UN-55574","DD"
"UN-55583","DD"
"UN-55591","DD"
"UN-49061","YY"
"CA-54310","YY"
"UN-54803","ZZ1"
"UN-54052","ZZ"
"UN-54814","II"
"UN-51637","YY"
"UN-54991","YY"
"UN-56198","DD"
"UN-56197","DD"
"UN-56196","DD"
"UN-56201","DD"
"UN-56200","DD"
"UN-56204","DD"
"UN-47981","ZZ"
"UN-56245","YY"
"UN-55628","DD"
"UN-55634","DD"
"UN-55621","QQ"
"UN-55622","DD"
"UN-56249","YY"
"UN-55635","DD"
"UN-55629","DD"
"UN-45825","ZZ"
"UN-56400","DD"
"UN-51335","YY"
"UN-56405","C_ICAN"
"UN-54576","YY"
"UN-55507","C_ICAN"
"UN-53752","YY"
"UN-56397","GG - Do not use - requires SVP approval"
"UN-56768","ZZ"
"UN-56953","FF"
"UN-56027","YY"
"UN-55624","DD"
"UN-55631","DD"
"UN-55637","DD"
"UN-55626","DD"
"UN-55632","DD"
"UN-55639","DD"
"UN-55905","DD"
"UN-55900","DD"
"UN-55912","DD"
"UN-57236","DD"
"UN-57237","DD"
"UN-57234","DD"
"UN-55982","YY"
"UN-53109","YY"
"UN-56261","YY"
"UN-54805","YY"
"UN-57316","FF_USBank"
"UN-55901","DD"
"UN-55913","DD"
"UN-55907","DD"
"UN-55235","YY"
"UN-56754","YY"
"UN-57347","II"
"UN-56940","YY"
"UN-56216","YY"
"UN-54834","YY"
"UN-53081","YY"
"UN-56929","ZZ"
"UN-51741","YY"
"UN-57533","YY"
"UN-55081","YY"
"UN-57268","YY"
"UN-23287","GG_afni"
"UN-56347","ZZ"
"UN-57839","YY"
"UN-57841","II"
"UN-47556","YY"
"UN-57497","YY"
"UN-52796","YY"
"UN-57923","DD"
"UN-57909","DD"
"UN-57911","DD"
"UN-51323","YY"
"UN-57924","D"
"UN-52415","YY1"
"UN-57490","DD_accworld_vii"
"UN-57945","II"
"UN-55190","QQ_Unisono"
"UN-55586","YY"
"UN-56362","II_Concept_Rocket"
"UN-58063","DD"
"UN-58035","YY"
"UN-56402","YY"
"UN-34617","FF"
"UN-54924","YY"
"UN-58280","II"
"UN-58229","II"
"UN-54977","ZZ"
"UN-46593","YY"
"UN-55330","YY"
"ME-55093","II"
"ME-58326","FF"
"UN-58362","YY"
"UN-58386","C_Citadel"
"UN-58305","YY"
"UN-58385","II"
"UN-57943","YY"
"UN-58408","YY"
"UN-58438","II"
"CA-58443","II"
"UN-58699","DD"
"UN-58674","FF"
"UN-58646","FF"
"CA-58836","FF"
"UN-59055","II"
"UN-59054","FF"
"CA-59079","ZZ"
"UN-58454","YY"
"UN-57926","YY"
"UN-55903","DD"
"UN-55915","DD"
"UN-55909","DD"
"UN-57465","DD"
"UN-57453","DD"
"UN-57459","DD"
"UN-58407","FF"
"UN-56025","DD"
"UN-56012","DD"
"UN-56017","DD"
"UN-56026","DD"
"UN-56013","DD"
"UN-56018","DD"
"UN-56029","DD"
"UN-56015","DD"
"UN-56020","DD"
"UN-57466","DD"
"UN-57454","DD"
"UN-57461","DD"
"UN-58666","FF"
"UN-58678","YY_Brightfire"
"UN-43683","FF"
"UN-58676","FF1_National Protection"
"UN-58703","DD"
"UN-57206","YY"
"UN-55614","YY"
"UN-58672","II"
"UN-58773","II"
"UN-58102","YY"
"UN-58771","DD"
"UN-57343","YY1"
"UN-58806","ZZ"
"UN-58808","DD"
"UN-58661","DD"
"UN-58657","DD"
"UN-58658","DD"
"UN-58665","DD"
"UN-58663","DD"
"UN-58664","DD"
"CA-56407","FF_organo"
"UN-56363","ZZ"
"UN-58686","II"
"UN-55015","FF"
"CA-58641","YY"
"UN-57557","YY"
"UN-56016","DD"
"UN-58877","FF"
"UN-56031","DD"
"UN-56021","DD"
"UN-57467","DD"
"UN-57462","DD"
"UN-57455","DD"
"UN-54919","ZZ"
"UN-56144","DD"
"UN-56118","DD"
"UN-56139","DD"
"UN-57468","DD"
"UN-57456","DD"
"UN-57463","DD"
"CO-57251","FF"
"CO-58682","FF"
"UN-58955","DD"
"UN-58838","ZZ"
"UN-57335","FF"
"UN-58895","FF"
"UN-58375","YY"
"UN-59024","MedCare Diabetic 3"
"99-A9003","DD"
"UN-58996","YY"
"99-A9004","DD"
"99-A9034","FF"
"CA-47642","YY"
"UN-59045","ZZ"
"UN-52763","FF_itok"
"UN-58774","YY"
"UN-58811","YY"
"UN-59136","II"
"UN-39745","ZZ"
"UN-58301","ZZ"
"UN-58307","QQ_Ovation Wireless"
"UN-56145","DD"
"UN-56119","DD"
"UN-56140","DD"
"UN-56152","DD"
"UN-56148","DD"
"UN-56150","DD"
"UN-59176","DD"
"UN-59174","DD"
"UN-59175","DD"
"UN-58910","YY"
"UN-46124","ZZ"
"UN-56956","FF"
"UN-58941","YY"
"UN-59198","GG_custom_all-0.012"
"UN-59203","ZZ"
"UN-59343","II"
"UN-59353","FF"
"UN-59439","FF"
"UN-59151","YY"
"CZ-59183","OO_AVG Consumer"
"CH-54975","YY"
"UN-59141","YY"
"UN-56339","YY"
"UN-41701","FF"
"UN-59297","FF"
"UN-59305","FF"
"UN-59283","FF"
"UN-53613","YY"
"UN-59345","FF"
"UN-59099","YY"
"UN-59327","DD"
"UN-53571","FF-all 1.34"
"UN-59397","DD"
"UN-57572","YY"
"CA-59017","YY"
"UN-58022","YY"
"UN-59382","YY"
"UN-22865","QQ_char"
"UN-59444","II"
"US-59471","DD"
"UN-59373","C_ICAN"
"UN-59201","DD"
"IS-59120","YY"
"UN-59360","ZZ"
"99-A9021","DD"
"99-A9022","DD"
"99-A9023","DD"
"UN-58898","YY"
"UN-58750","FF"
"UN-59624","YY"
"UN-59216","FF"
"UN-59720","FF-all 1.34"
"UN-59569","YY1_Sperian"
"UN-57836","YY"
"UN-59794","YY"
"CO-59821","DD"
"UN-59823","FF"
"UN-59952","II"
"UN-59788","ZZ"
"UN-59949","II"
"UN-59954","FF_EnglishTown Mexico"
"UN-59875","C_ICAN"
"UN-59991","YY"
"UN-60023","FF"
"UN-60022","FF"
"UN-59124","FF"
"UN-59523","YY"
"UN-56153","DD"
"UN-56149","DD"
"UN-56151","DD"
"UN-59938","DD"
"UN-59935","DD"
"UN-59937","DD"
"UN-59961","C_ICAN"
"UN-59962","C_ICAN"
"UN-60044","II"
"UN-59946","YY"
"UN-59845","ZZ"
"CA-59540","YY"
"UN-59484","QQ1"
"CA-60203","YY"
"UN-47803","II_care"
"UN-47216","ZZ"
"UN-60281","YY"
"UN-59013","YY"
"UN-60298","DD"
"US-60296","DD"
"UN-60334","FF"
"CA-60353","FF"
"UN-60420","YY"
"UN-60484","FF"
"UN-60518","C_ICAN"
"UN-60554","ZZ"
"UN-60345","DD"
"UN-60347","DD"
"UN-59800","YY"
"UN-59575","YY"
"UN-60389","II"
"UN-50976","Greenwood & Hall"
"UN-59829","F"
"PH-60391","QQ1"
"UN-56271","YY"
"UN-55603","DD"
"UN-55600","DD"
"UN-55594","DD"
"UN-60253","DD"
"UN-60225","DD"
"UN-60241","DD"
"UN-60254","DD"
"UN-60227","DD"
"UN-60242","DD"
"UN-60255","DD"
"UN-60230","DD"
"UN-60243","DD"
"UN-60256","DD"
"UN-60231","DD"
"UN-60244","DD"
"UN-60257","DD"
"UN-60232","DD"
"UN-60245","DD"
"UN-60274","DD"
"UN-60233","DD"
"UN-60246","DD"
"UN-60276","DD"
"UN-60234","DD"
"UN-60247","DD"
"UN-60039","ZZ"
"UN-60278","DD"
"UN-60250","DD"
"UN-60235","DD"
"UN-60279","DD"
"UN-60237","DD"
"UN-60251","DD"
"99-A9008","DD"
"CA-60494","YY1"
"UN-59520","ZZ"
"UN-59377","YY1_Overage $0.0125"
"UN-60522","II"
"UN-60346","YY"
"UN-58304","YY"
"UN-60568","DD"
"UN-59314","YY"
"UN-58343","DD"
"99-A9006","DD"
"UN-60161","YY"
"99-A9007","DD"
"UN-60562","YY"
"UN-59398","YY"
"UN-57917","FF-all 1.34"
"UN-59771","YY1"
"UN-55495","LL_Freedom Pop"
"UN-60540","DD"
"UN-60538","DD"
"UN-60542","DD"
"UN-60539","DD"
"UN-60537","DD"
"UN-60541","DD"
"UN-55493","YY"
"UN-52573","ZZ"
"UN-58335","FF"
"CA-43333","Innovative Vision SIP"
"UN-60787","DD"
"UN-46305","QQ1"
"UN-59555","YY"
"UN-52100","YY"
"BR-60036","DD"
"UN-61273","YY"
"UN-60159","YY"
"UN-61816","YY"
"UN-61889","YY"
"UN-61915","II"
"UN-61945","ZZ"
"UN-62055","II"
"UN-62242","YY"
"UN-62337","YY"
"UN-62796","DD"
"UN-63426","ZZ"
"UN-60293","LL"
"UN-61849","FF1"
"UN-61853","FF1"
"UN-59407","YY1"
"UN-59230","YY"
"UN-59627","YY"
"UN-61820","YY"
"UN-60000","YY"
"IN-60399","YY"
"UN-60359","YY"
"UN-60767","YY"
"UN-61902","ZZ"
"UN-61905","YY"
"UN-61788","ZZ"
"CA-61803","YY"
"UN-60473","YY"
"UN-61932","II"
"UN-61925","QQ"
"UN-61930","II"
"UN-61949","YY"
"UN-58353","YY"
"PA-61053","DD"
"UN-59068","YY"
"UN-62018","LL"
"US-59287","II"
"US-55991","ZZ"
"US-62007","GG_BroadPath Healthcare"
"UN-59130","YY"
"UN-62039","FF1_Instinct Tech"
"UN-61903","YY"
"UN-60206","YY"
"UN-62186","FF1"
"UN-60596","LL"
"UN-38786","YY"
"UN-61841","YY"
"US-60622","LL"
"UN-62257","FF1"
"UN-62271","FF1"
"UN-62266","FF1"
"UN-35648","YY"
"UN-60164","YY"
"UN-62323","LL"
"UN-61966","FF1"
"UN-62086","ZZ1"
"UN-56250","LL"
"UN-57946","YY"
"US-62340","GG_BroadPath Healthcare"
"PU-58975","ZZ"
"UN-62556","LL"
"UN-61958","ZZ"
"UN-47011","ZZ"
"UN-62294","ZZ"
"UN-62547","II"
"UN-62542","II"
"UN-62546","II"
"UN-62301","ZZ"
"UN-60785","YY"
"UN-62407","ZZ"
"UN-48833","ZZ"
"UN-62341","QQ1"
"UN-62569","ZZ"
"UN-62548","II"
"UN-62602","LL"
"UN-47807","ZZ"
"UN-59521","QQ"
"UN-61042","ZZ"
"UN-62614","ZZ"
"CA-62773","ZZ"
"UN-60503","FF"
"ME-62801","FF1"
"UN-59714","LL"
"UN-61826","YY"
"UN-62853","LL"
"U.-62854","DD"
"UN-62848","DD"
"UN-62850","DD"
"UN-62851","LL"
"BA-62846","II"
"U.-62856","DD"
"U.-62855","DD"
"CA-62864","FF1"
"UN-62865","FF1"
"CA-62867","FF1"
"IN-62869","FF1"
"UN-62866","FF1"
"UN-62868","FF1"
"UN-62871","FF1"
"UN-62877","FF1"
"UN-62872","FF1"
"UN-62873","FF1"
"UN-62874","FF1"
"IN-62876","FF1"
"IN-62875","FF1"
"UN-62863","FF1"
"UN-62878","FF1"
"UN-55488","ZZ"
"UN-56419","YY"
"UN-55324","LL"
"UN-62844","OO"
"UN-62823","ZZ"
"UN-62207","FF1"
"UN-56773","LL_safco"
"US-45123","QQ1"
"UN-62274","LL_Travel Shopping Network"
"UN-62586","C_ICAN"
"UN-62802","FF1"
"UN-62964","YY"
"UN-62820","ZZ"
"UN-63145","LL"
"UN-62959","ZZ"
"UN-63436","QQ"
"UN-63554","OO"
"UN-62298","QQ"
"UN-63147","ZZ"
"UN-62977","YY"
"UN-63148","FF1"
"UN-63000","DD"
"UN-63005","DD"
"UN-62986","DD"
"UN-62993","DD"
"UN-63011","DD"
"UN-63017","DD"
"UN-63002","DD"
"UN-63007","DD"
"UN-63667","YY"
"UN-63668","FF1"
"UN-63732","LL"
"UN-63751","QQ"
"UN-64644","QQ"
"UN-65078","ZZ"
"UN-65075","FF"
"UN-63001","DD"
"UN-62988","DD"
"UN-63012","DD"
"UN-63018","DD"
"UN-62995","DD"
"UN-63006","DD"
"UN-62976","DD"
"UN-62972","DD"
"UN-62974","DD"
"UN-63682","Bosley Manual"
"UN-63707","GG_American Support"
"UN-63726","GG_tmone_test"
"UN-63003","DD"
"UN-63009","DD"
"UN-62990","DD"
"UN-62996","DD"
"UN-62991","DD"
"UN-62997","DD"
"UN-63013","DD"
"UN-63019","DD"
"UN-63014","DD"
"UN-63020","DD"
"UN-63004","DD"
"UN-63010","DD"
"UN-62992","DD"
"UN-62998","DD"
"UN-63015","DD"
"UN-63021","DD"
"UN-62194","YY"
"UN-41094","YY"
"UN-63701","FF1"
"UN-58358","ZZ"
"UN-63752","FF1"
"UN-63755","FF1"
"UN-63753","FF1"
"UN-63754","FF1"
"UN-63756","FF1"
"UN-63757","FF1"
"US-63022","FF1"
"UN-63782","C_Debt Free America_str"
"UN-63724","LL"
"UN-64199","FF1"
"UN-63784","C_ICAN"
"UN-62237","ZZ"
"UN-64283","QQ_SR Solutions 2"
"UN-63848","II"
"UN-62813","ZZ"
"UN-64272","QQ"
"UN-64282","TCPA_loopback"
"UN-63749","FF1"
"UN-63747","QQ1"
"UN-63841","ZZ"
"UN-64540","II"
"UN-63771","LL"
"UN-64559","FF1"
"UN-64555","FF1"
"UN-64556","FF1"
"UN-64554","FF1"
"UN-64638","FF1"
"UN-64553","YY"
"99-A9075","DD"
"99-48007","DD"
"99-48008","DD"
"UN-64565","FF1"
"UN-64322","FF1"
"UN-64270","FF1"
"UN-64271","FF1"
"US-64348","QQ"
"99-48012","DD"
"99-48013","DD"
"99-48014","DD"
"UN-61391","ZZ"
"UN-64641","ZZ"
"UN-64557","D"
"US-64720","QQ"
"UN-64654","ZZ"
"UN-64677","ZZ"
"UN-64564","LL_multiphone"
"UN-64727","ZZ"
"UN-64779","FF1"
"99-48015","DD"
"99-48016","DD"
"99-48017","DD"
"99-48018","DD"
"99-48019","DD"
"99-48020","DD"
"99-48021","DD"
"99-48022","DD"
"99-48023","DD"
"UN-64742","FF1"
"UN-64647","FF1"
"UN-64357","ZZ"
"UN-64830","ZZ"
"UN-64759","YY1"
"UN-46743","QQ"
"US-62760","ZZ"
"UN-64847","FF"
"UN-64344","YY"
"UN-58714","QQ"
"UN-64839","ZZ"
"UN-62216","YY"
"UN-64849","QQ"
"UN-64736","ZZ"
"UN-60170","QQ"
"US-62197","LL"
"UN-64850","FF1"
"UN-64851","FF1"
"UN-64882","FF1"
"UN-62763","ZZ"
"UN-64816","C_ICAN"
"CA-64885","YY"
"UN-61868","FF1"
"UN-62178","YY"
"UN-60932","YY"
"CA-64935","FF1"
"UN-64936","FF1"
"UN-65028","FF"
"UN-64865","QQ"
"UN-59278","ZZ"
"UN-44350","QQ"
"UN-65033","ZZ"
"CA-65052","FF1"
"UN-65014","FF1"
"UN-64842","YY"
"UN-64701","FF1"
"UN-65041","FF1"
"UN-65001","FF1"
"UN-65034","FF1"
"UN-65096","FF1"
"UN-58387","ZZ"
"UN-65063","ZZ"
"UN-64804","YY"
"UN-63778","LL_MobileHelp2013"
"CA-65119","FF1"
"UN-64358","YY"
"UN-65145","FF1"
"UN-65140","YY"
"TH-65201","ZZ"
"UN-65163","ZZ"
"UN-65171","FF1"
"UN-65167","FF1"
"US-64696","ZZ"
"UN-64993","YY"
"UN-51976","YY"
"UN-64483","FF1"
"UN-65245","FF1"
"UN-64352","QQ"
"UN-65265","FF1"
"UN-59473","QQ"
"UN-65243","QQ"
"UN-65099","YY"
"UN-65297","QQ"
"UN-65299","QQ"
"UN-65288","ZZ"
"UN-65322","LL_Gator Tax"
"UN-65335","FF1"
"UN-65337","FF1"
"CA-56357","YY"
"UN-65361","FF1"
"UN-65359","FF1"
"UN-65380","FF1"
"UN-65378","FF1"
"UN-64821","ZZ"
"UN-65429","FF1"
"UN-64927","SafetyComm"
"UN-65456","ZZ"
"UN-65420","ZZ"
"UN-65261","ZZ"
"UN-65149","C_ICAN"
"UN-65444","FF1"
"UN-65526","FF1"
"UN-65445","FF1"
"US-65534","YY"
"UN-64366","ZZ"
"99-48024","DD"
"99-48025","DD"
"99-48026","DD"
"99-48027","DD"
"99-48028","DD"
"99-48029","DD"
"UN-65544","FF1"
"99-48030","DD"
"99-48031","DD"
"99-48032","DD"
"99-48033","DD"
"99-48034","DD"
"99-48035","DD"
"UN-65543","QQ"
"99-11119","DD"
"99-48037","DD"
"99-48038","DD"
"99-48039","DD"
"99-48040","DD"
"99-48041","DD"
"99-48042","DD"
"99-48043","DD"
"99-48044","DD"
"99-48045","DD"
"99-48046","DD"
"99-48047","DD"
"CA-65459","YY"
"UN-64918","QQ"
"UN-65603","QQ"
"CA-64669","YY"
"CA-65652","YY"
"UN-65403","ZZ"
"UN-65136","ZZ"
"UN-50918","ZZ"
"UN-64977","ZZ"
"UN-65609","YY"
"UN-65602","LL_Gator Tax"
"UN-63555","QQ"
"UN-64978","YY"
"UN-62918","ZZ"
"UN-65159","Life Station"
"UN-65250","ZZ"
"UN-60384","ZZ"
"CO-65470","QQ1_Berlitz Colombia"
"UN-65665","ZZ"
"UN-64925","ZZ"
"UN-64817","ZZ"
"UN-65392","YY"
"UN-65691","LL"
"UN-65143","LL_McKesson"
"UN-65660","QQ"
"CA-65342","YY"
"UN-60781","ZZ"
"UN-31522","Olympus NDT"
"UN-65766","QQ"
"UN-65806","QQ"
"UN-65062","ZZ"
"UN-64630","QQ_Smart Tuition 2"
"UN-65844","II"
"UN-65820","LL_Gator Tax"
"UN-65269","ZZ"
"UN-66218","FF"
"UN-66252","YY"
"UN-66263","QQ1"
"UN-66449","II"
"UN-64321","LL"
"UN-65547","ZZ"
"UN-65487","QQ"
"UN-57491","YY"
"UN-65617","ZZ"
"UN-66055","ZZ1"
"UN-65294","QQ"
"UN-65839","ZZ"
"UN-66149","QQ"
"UN-66193","YY"
"UN-36468","YY"
"UN-66140","QQ"
"UN-66212","ZZ"
"UN-66255","QQ"
"UN-66289","QQ"
"IN-66286","QQ"
"UN-66287","QQ"
"UN-66290","QQ"
"UN-66291","QQ"
"UN-56384","QQ"
"UN-66292","QQ"
"UN-66288","QQ"
"UN-65336","QQ"
"UN-65822","ZZ"
"UN-66198","ZZ"
"UN-66336","QQ"
"UN-64643","QQ"
"SO-66334","QQ"
"UN-66349","ZZ"
"UN-64705","ZZ"
"UN-66373","FF1"
"UN-66431","QQ"
"UN-65259","ZZ"
"UN-66439","ZZ"
"UN-65681","ZZ"
"UN-66444","QQ"
"UN-53971","ZZ"
"UN-56004","YY_Seneca"
"UN-66229","ZZ"
"UN-66468","QQ"
"UN-66513","FF_pennymac_bandwith"
"UN-62776","QQ"
"UN-66589","ZZ"
"CA-65905","YY1"
"UN-66536","ZZ"
"UN-66592","QQ"
"UN-56945","YY"
"UN-66652","QQ"
"UN-66651","QQ"
"UN-66152","ZZ"
"UN-51607","YY"
"UN-66527","ZZ"
"UN-66692","QQ"
"99-A9071","DD"
"UN-66670","YY"
"UN-66714","YY"
"UN-66569","FF"
"UN-66860","ZZ"
"UN-66979","FF"
"UN-66653","QQ"
"UN-66610","YY"
"UN-66738","QQ"
"CA-30453","QQ"
"UN-66686","YY"
"UN-66716","ZZ"
"UN-66834","QQ"
"UN-61974","ZZ"
"UN-65627","YY"
"US-66625","YY"
"UN-66876","QQ"
"UN-66771","ZZ"
"UN-66482","ZZ"
"UN-66931","ZZ"
"UN-55550","B Green"
"UN-66932","ZZ"
"UN-66844","ZZ"
"UN-66949","QQ"
"UN-66703","QQ"
"UN-60202","YY"
"UN-66936","ZZ"
"UN-60188","QQ"
"UN-66875","ZZ"
"UN-67053","YY1"
"CA-66848","YY"
"UN-67085","II"
"UN-65494","KK_OnDeck"
"UN-67106","QQ"
"UN-67129","QQ"
"UN-62293","YY"
"UN-67089","Life Station"
"UN-67174","FF-all 1.34"
"UN-67278","ZZ"
"UN-67375","YY"
"UN-67408","QQ"
"CA-67194","OO"
"UN-67296","Greenwood & Hall"
"UN-67185","QQ"
"UN-66062","ZZ"
"UN-66782","ZZ"
"UN-67325","QQ"
"UN-67317","QQ"
"UN-66154","ZZ"
"UN-67267","QQ"
"UN-66833","QQ"
"UN-59704","LL"
"UN-67410","QQ"
"UN-67412","QQ"
"UN-66889","II_HV_AD"
"UN-67427","ZZ"
"UN-67431","QQ"
"UN-67166","YY"
"UN-67430","QQ"
"UN-66554","ZZ"
"UN-67330","II"
"UN-65991","QQ_Hudsonpoint Capital"
"99-A9059","ZZ"
"UN-66530","ZZ"
"UN-67544","QQ_fastpc"
"UN-67477","QQ"
"UN-67579","QQ"
"UN-67119","QQ_LendingTree Inc"
"UN-67586","ZZ"
"UN-67407","Education at Work"
"UN-40630","QQ"
"UN-67643","QQ"
"UN-67026","QQ"
"UN-49484","YY1"
"UN-67563","YY"
"UN-67697","QQ"
"UN-67701","QQ"
"UN-67702","QQ"
"UN-67484","ZZ"
"UN-67672","ZZ"
"UN-67482","ZZ"
"UN-66162","FF"
"UN-67760","QQ"
"UN-67770","ZZ"
"UN-67776","ZZ"
"UN-67766","ZZ"
"UN-65829","QQ"
"UN-67791","II"
"UN-67800","QQ"
"UN-68003","YY"
"UN-68031","QQ"
"UN-68243","YY"
"UN-68244","YY"
"UN-68238","YY"
"UN-67644","QQ"
"UN-65212","YY"
"UN-67014","YY"
"UN-67732","ZZ"
"UN-67792","KK_OnDeck"
"UN-65387","QQ_Sunrun"
"UN-67817","ZZ"
"UN-63684","ZZ"
"UN-67825","ZZ"
"JA-67858","QQ"
"UN-67857","QQ"
"UN-66987","ZZ"
"UN-67820","ZZ"
"UN-67480","QQ_Brickhouse Security"
"UN-67922","ZZ"
"UN-67924","ZZ"
"UN-67919","QQ"
"UN-65578","QQ"
"UN-67921","QQ"
"UN-67920","QQ"
"UN-67413","YY"
"UN-67937","ZZ"
"UN-68001","QQ"
"UN-63206","ZZ"
"UN-65788","QQ"
"UN-67999","QQ"
"UN-65713","ZZ"
"UN-68018","ZZ"
"UN-68019","ZZ"
"UN-68020","ZZ"
"UN-68022","ZZ"
"UN-68054","QQ"
"UN-68050","ZZ1"
"UN-67851","FF1"
"UN-66156","OO"
"UN-67333","QQ"
"UN-68177","QQ"
"UN-68176","QQ"
"UN-67750","ZZ"
"UN-68208","QQ"
"UN-59362","YY1_Overage $0.0125"
"US-68211","FF"
"US-67998","YY"
"UN-57856","ZZ"
"UN-67729","ZZ"
"UN-58820","YY"
"UN-67183","ZZ"
"UN-68267","FF-all 1.34"
"UN-68297","FF"
"UN-67118","QQ_Delta Career Ed"
"UN-68239","FF"
"UN-65630","QQ_WhyNotLeaseIt"
"UN-68309","QQ"
"SP-68308","QQ"
"UN-68332","QQ"
"UN-67583","ZZ"
"UN-68316","FF"
"UN-68455","QQ"
"UN-68066","C_ASHWORTH"
"UN-68241","II"
"UN-68763","LL"
"CA-68290","YY1"
"UN-68937","QQ"
"UN-67931","ZZ"
"UN-68396","QQ"
"UN-68394","QQ"
"UN-65955","QQ_DS Services"
"UN-68369","QQ"
"UN-66668","ZZ"
"UN-68223","ZZ"
"UN-68359","YY"
"UN-68449","LL"
"CA-68438","QQ"
"UN-68147","ZZ"
"UN-67687","ZZ"
"UN-68442","ZZ"
"UN-68504","ZZ"
"UN-67815","LL"
"UN-67546","QQ_Centura Health"
"UN-68464","ZZ"
"UN-68278","ZZ1"
"UN-68479","ZZ"
"UN-68038","FF1"
"UN-68392","YY"
"UN-68548","QQ"
"UN-68632","QQ"
"UN-68631","QQ"
"UN-68702","ZZ"
"UN-68658","QQ"
"UN-68200","ZZ"
"UN-68503","ZZ"
"UN-68320","ZZ"
"UN-68787","QQ"
"UN-68786","QQ"
"UN-68701","ZZ"
"UN-68704","ZZ"
"UN-68703","ZZ"
"UN-51173","YY"
"UN-68728","QQ"
"UN-66337","YY"
"UN-68182","ZZ"
"UN-68738","ZZ"
"UN-66549","ZZ1"
"CA-68782","YY"
"UN-66220","ZZ"
"UN-66822","QQ"
"UN-68820","QQ"
"UN-64334","ZZ"
"UN-67950","ZZ"
"UN-50577","QQ_Abercrombie"
"UN-68758","LL"
"UN-68748","FF1"
"UN-68773","QQ"
"UN-68749","FF1"
"UN-68735","ZZ"
"UN-53591","YY"
"UN-68042","ZZ"
"UN-67866","QQ"
"UN-68990","FF1"
"UN-69012","ZZ1"
"UN-68979","YY"
"UN-69226","YY"
"UN-69194","QQ_Abercrombie"
"UN-69258","QQ_Centura Health"
"UN-69859","ZZ"
"UN-70036","QQ"
"UN-70225","ZZ"
"UN-68991","FF1"
"UN-68992","FF1"
"UN-68993","FF1"
"UN-68472","ZZ"
"UN-69061","DD"
"CA-69073","YY"
"UN-69084","ZZ"
"UN-65735","ZZ"
"UN-69096","FF"
"UN-69095","QQ"
"US-69113","ZZ"
"CA-69120","QQ"
"UN-69121","QQ"
"UN-69122","QQ"
"UN-68824","ZZ1_Alpha Connect"
"UN-56938","YY"
"UN-65382","QQ_Dynamic Contact"
"UN-69165","ZZ"
"UN-69192","QQ_Gilsbar"
"UN-69157","QQ"
"UN-59805","QQ"
"UN-69202","QQ"
"UN-60330","YY"
"UN-69014","YY"
"UN-69215","ZZ"
"UN-69210","LL"
"UN-68420","YY"
"UN-69243","ZZ"
"UN-69282","QQ"
"UN-68939","ZZ"
"UN-69280","QQ"
"IN-69279","QQ"
"UN-69296","ZZ"
"UN-69233","ZZ"
"UN-68468","YY"
"CA-69262","QQ_ypg_canada"
"UN-67539","QQ_APFM"
"UN-69330","QQ"
"99-48080","DD"
"99-48081","DD"
"99-48082","DD"
"99-48083","DD"
"99-48084","DD"
"99-48085","DD"
"99-48086","DD"
"99-48087","DD"
"99-48088","DD"
"99-48089","DD"
"99-48090","DD"
"99-48091","DD"
"99-48092","DD"
"99-48093","DD"
"99-48094","DD"
"99-48095","DD"
"99-48096","DD"
"99-48097","DD"
"UN-68708","ZZ"
"UN-69395","YY"
"UN-69320","LL"
"NO-69158","QQ_Face2Face"
"UN-64826","YY"
"UN-68521","ZZ"
"UN-59247","YY"
"UN-69393","ZZ"
"UN-68520","YY_Trident"
"UN-68382","ZZ"
"UN-69449","QQ"
"UN-69458","ZZ"
"UN-69089","ZZ"
"UN-69385","ZZ"
"UN-69313","C_ICAN"
"UN-68720","ZZ"
"UN-69834","QQ"
"UN-69456","QQ"
"UN-69823","QQ"
"UN-69845","FF"
"UN-69833","QQ"
"UN-59817","ZZ"
"UN-69877","QQ"
"UN-69879","QQ"
"UN-69875","QQ"
"UN-69874","QQ"
"UN-69978","QQ"
"UN-69900","ZZ"
"UN-23470","QQ1"
"HO-68203","QQ"
"UN-69967","QQ_Sunrun"
"UN-69956","QQ"
"UN-69384","ZZ1"
"IN-69995","QQ"
"UN-68524","QQ"
"UN-69999","QQ"
"UN-69998","QQ"
"UN-70028","QQ"
"UN-70027","QQ"
"UN-70038","QQ"
"UN-70075","QQ"
"UN-70070","QQ"
"UN-62772","QQ"
"UN-65071","QQ"
"UN-68506","ZZ"
"UN-65798","ZZ"
"CA-69062","QQ"
"UN-53579","ZZ"
"UN-70048","II"
"UN-70047","II"
"UN-70025","YY"
"UN-69218","YY"
"UN-69883","ZZ"
"UN-66195","YY"
"UN-66024","QQ_pcg"
"US-70093","LL_Woodbury Health"
"UN-40632","QQ_Roberts Marketing Group"
"UN-70174","QQ"
"CA-70175","QQ"
"UN-70199","QQ"
"UN-70245","QQ"
"UN-67391","ZZ"
"UN-68766","QQ"
"UN-70201","ZZ"
"UN-55644","ZZ"
"UN-46746","ZZ"
"UN-70282","OO"
"CA-64855","YY"
"UN-70292","QQ"
"UN-70290","QQ"
"UN-69133","ZZ"
"UN-68849","QQ"
"CO-70322","QQ"
"UN-70355","QQ"
"UN-70361","QQ"
"UN-70424","QQ"
"UN-70338","QQ"
"UN-54555","YY"
"UN-70269","ZZ1"
"UN-65956","ZZ"
"UN-70328","II"
"UN-70366","LL"
"UN-70456","YY"
"UN-70746","II"
"UN-71565","ZZ"
"UN-71589","ZZ"
"UN-70082","QQ"
"UN-70367","YY"
"UN-70401","FF"
"UN-69943","ZZ"
"UN-70320","YY"
"UN-68916","YY"
"UN-68046","ZZ"
"UN-70287","ZZ"
"UN-69356","ZZ"
"CA-70339","YY"
"UN-70431","QQ"
"UN-66933","YY"
"UN-70277","ZZ"
"UN-70449","ZZ"
"UN-70458","QQ"
"UN-70448","YY1"
"UN-55976","ZZ"
"UN-70211","YY"
"UN-70488","QQ"
"UN-36622","QQ"
"UN-68202","ZZ"
"UN-36563","QQ"
"UN-70669","ZZ"
"UN-68514","ZZ1"
"UN-70429","QQ_inout"
"UN-70685","QQ"
"UN-70324","ZZ"
"UN-70672","QQ"
"UN-70698","ZZ"
"UN-70719","GG_Afni Sirius XM"
"CO-68005","QQ_Multienlace SAS"
"UN-67380","YY"
"UN-70723","YY"
"UN-70732","FF"
"UN-69974","YY"
"UN-70753","QQ"
"UN-70769","QQ"
"UN-70772","QQ"
"UN-70770","QQ"
"UN-70755","QQ"
"UN-70795","FF"
"UN-70792","ZZ"
"UN-70728","QQ"
"UN-70822","QQ"
"UN-70084","YY"
"UN-70820","QQ"
"UN-70747","ZZ"
"UN-70145","YY-RC_ActivePestControl"
"IN-70849","QQ"
"UN-68539","QQ"
"UN-70477","YY"
"CO-70780","LL"
"UN-70460","ZZ"
"UN-65113","QQ"
"CO-70387","QQ"
"UN-70707","ZZ"
"UN-70858","QQ"
"UN-70729","ZZ"
"99-48075","DD"
"UN-70829","ZZ1"
"99-48076","DD"
"99-48077","DD"
"US-70895","QQ"
"UN-70898","QQ"
"UN-70393","QQ_KingStar Venture"
"UN-70886","QQ"
"UN-70517","QQ_Crestwood Management"
"UN-70703","ZZ"
"UN-51145","ZZ"
"UN-70857","YY"
"UN-71097","QQ"
"UN-71022","LL_McKesson"
"UN-70911","LL_McKesson"
"UN-70909","DD"
"UN-71398","YY"
"UN-70870","ZZ"
"UN-70950","LL_McKesson"
"UN-71112","QQ"
"UN-70927","YY"
"UN-71433","ZZ"
"UN-71434","ZZ2"
"UN-71409","QQ"
"UN-71431","ZZ"
"UN-71437","QQ"
"UN-71450","QQ"
"UN-71462","QQ"
"UN-71483","QQ"
"UN-67397","ZZ"
"UN-65473","YY1"
"UN-71438","YY"
"UN-71504","II"
"UN-71500","QQ"
"UN-70238","ZZ"
"UN-71536","QQ"
"UN-67936","ZZ"
"UN-70425","QQ"
"UN-71055","YY"
"UN-71515","YY1"
"UN-71527","ZZ"
"UN-71569","QQ"
"UN-70376","YY"
"UN-70375","YY"
"UN-64973","YY"
"UN-71592","ZZ"
"UN-45854","ZZ1"
"UN-71609","QQ"
"UN-66660","ZZ"
"UN-71748","QQ_Delta Career Ed"
"UN-51530","LL"
"UN-71799","QQ"
"UN-70859","YY"
"UN-47457","QQ"
"UN-70550","QQ"
"UN-71990","ZZ"
"UN-70484","ZZ"
"UN-71458","ZZ"
"UN-67619","ZZ"
"UN-71899","QQ"
"UN-71897","QQ"
"UN-49740","YY-RC_Provida"
"UN-71896","QQ"
"UN-71898","QQ"
"UN-68732","YY"
"UN-69348","SS_First Choice Prom"
"UN-71833","QQ"
"UN-71815","QQ"
"UN-71773","YY"
"UN-71792","YY"
"UN-71420","ZZ"
"UN-57271","ZZ"
"UN-71548","ZZ"
"UN-49758","YY"
"UN-70360","ZZ"
"UN-71954","QQ"
"UN-71955","QQ"
"UN-72129","II"
"UN-71497","ZZ"
"UN-71968","ZZ"
"UN-71978","ZZ"
"UN-72009","QQ"
"UN-71976","ZZ"
"UN-72152","FF"
"UN-70265","QQ"
"UN-71985","YY"
"UN-72160","QQ"
"UN-25433","QQ"
"UN-70409","ZZ"
"UN-71573","ZZ"
"UN-71887","YY"
"CO-63556","QQ"
"UN-72248","ZZ"
"UN-32133","YY"
"UN-72199","ZZ"
"UN-72127","II"
"UN-72235","FF"
"UN-72246","QQ"
"UN-64900","ZZ"
"UN-72256","FF"
"UN-72312","ZZ"
"UN-72874","YY"
"UN-72895","QQ"
"UN-72894","YY"
"NO-72888","QQ"
"UN-72919","YY"
"UN-73031","ZZ"
"UN-72148","ZZ"
"UN-71964","YY"
"UN-71616","ZZ"
"UN-71895","YY"
"UN-72319","QQ"
"UN-72384","QQ"
"UN-72310","YY"
"UN-68289","ZZ1"
"UN-60667","ZZ"
"UN-72000","QQ"
"UN-72339","FF"
"UN-72406","QQ"
"UN-67449","ZZ"
"UN-54532","QQ_Stanley BD"
"CA-72396","QQ"
"UN-71819","ZZ1"
"UN-72317","ZZ"
"UN-67057","YY"
"CA-71987","YY"
"UN-69997","ZZ"
"UN-70871","QQ"
"UN-70823","YY"
"UN-72299","ZZ"
"UN-70734","ZZ"
"UN-72721","QQ"
"UN-72722","QQ"
"UN-68985","ZZ"
"UN-71995","YY"
"UN-70556","ZZ"
"UN-71743","YY"
"UN-72677","QQ_inout"
"UN-72698","QQ_inout"
"CA-64954","QQ"
"UN-72724","KK_OnDeck"
"UN-66598","MM_Data Exchange"
"UN-72696","ZZ"
"UN-70872","ZZ"
"UN-72676","ZZ"
"UN-68048","ZZ"
"UN-72685","LL_McKesson"
"99-A9081","DD"
"99-A9082","DD"
"99-A9083","DD"
"UN-28711","QQ"
"UN-65338","YY"
"UN-72195","YY"
"UN-72735","QQ"
"ST-71442","YY"
"UN-72945","QQ"
"UN-72944","QQ"
"UN-70192","QQ"
"UN-72968","QQ"
"UN-71099","QQ"
"UN-72966","LL"
"UN-72973","QQ"
"UN-71856","ZZ"
"UN-72228","YY"
"UN-72959","ZZ"
"UN-72982","FF"
"UN-71962","ZZ"
"UN-66774","QQ"
"UN-52982","ZZ"
"UN-72526","ZZ"
"UN-37737","YY"
"UN-72918","FF_pennymac_bandwith"
"UN-72147","ZZ"
"UN-73069","QQ"
"UN-73051","YY"
"UN-73125","LL"
"UN-73158","YY"
"UN-73858","QQ"
"UN-74138","LL"
"UN-74282","YY"
"UN-73094","QQ"
"UN-72935","ZZ"
"UN-72345","YY"
"UN-34789","ZZ"
"UN-60223","QQ"
"UN-73140","QQ"
"99-A9084","DD"
"99-A9085","DD"
"99-A9086","DD"
"99-A9087","DD"
"99-A9088","DD"
"99-A9089","DD"
"UN-49950","YY"
"UN-72878","LL_McKesson"
"UN-23210","ZZ"
"UN-73171","ZZ"
"UN-73221","QQ"
"UN-73366","QQ"
"UN-73174","KK_OnDeck"
"UN-73133","LL"
"UN-37621","QQ"
"UN-73209","YY"
"US-73461","ZZ"
"UN-60291","YY"
"UN-73455","C_ICAN"
"UN-67785","ZZ"
"UN-73707","QQ"
"US-73487","ZZ"
"UN-73132","ZZ"
"UN-73486","ZZ"
"UN-73026","ZZ"
"UN-73445","YY"
"UN-70226","ZZ"
"UN-73153","ZZ"
"UN-73367","ZZ"
"UN-43320","ZZ"
"UN-64887","QQ"
"UN-64968","YY"
"UN-73894","QQ"
"UN-71979","ZZ"
"IN-40573","YY"
"UN-73938","QQ"
"BA-73940","QQ"
"UN-73943","QQ"
"US-73903","GG_BroadPath Healthcare"
"UN-69160","YY"
"UN-73370","ZZ"
"UN-70019","ZZ"
"UN-73927","ZZ"
"UN-73921","QQ_Dynamic Contact"
"CA-72678","YY"
"UN-73968","ZZ"
"UN-73998","QQ"
"UN-73928","ZZ"
"UN-73095","YY"
"UN-73944","QQ"
"UN-73989","ZZ"
"UN-74143","QQ"
"UN-74156","QQ"
"UN-56360","QQ_RC_PartsNow"
"UN-74190","QQ"
"CA-72344","YY"
"UN-72969","ZZ"
"UN-74191","ZZ"
"US-73912","ZZ"
"UN-73137","QQ"
"UN-74238","QQ"
"UN-74225","ZZ"
"UN-74281","YY"
"UN-73873","ZZ"
"UN-74163","YY"
"UN-73503","ZZ"
"UN-74291","ZZ"
"UN-71876","ZZ"
"UN-73859","YY"
"UN-73869","II"
"UN-74309","ZZ"
"UN-74129","FF"
"UN-74310","ZZ"
"UN-74311","ZZ"
"UN-74307","ZZ"
"UN-74308","ZZ"
"UN-74155","ZZ"
"UN-73732","ZZ"
"UN-68307","ZZ"
"UN-74337","QQ"
"UN-74331","QQ"
"UN-74297","YY"
"CA-74145","YY"
"UN-74430","ZZ"
"UN-68795","ZZ"
"UN-74435","QQ"
"UN-74269","C_ICAN"
"UN-74502","QQ"
"UN-74424","ZZ"
"UN-74254","C_ICAN"
"UN-73459","YY"
"UN-71595","YY"
"UN-73499","YY"
"UN-74652","QQ"
"UN-74646","QQ"
"UN-73951","ZZ"
"UN-73078","YY"
"UN-57244","QQ"
"BA-74692","QQ"
"UN-74356","FF"
"UN-74253","YY"
"UN-74650","ZZ"
"UN-74827","QQ"
"UN-74666","FF"
"PH-76307","QQ"
"UN-73492","QQ"
"UN-74260","YY"
"UN-71959","YY"
"UN-76316","QQ"
"UN-74257","ZZ"
"UN-74427","ZZ"
"CA-73107","QQ_EF Educational Tours"
"UN-76373","YY"
"UN-76375","QQ"
"UN-76370","FF"
"UN-76399","QQ"
"UN-76347","YY"
"UN-71963","YY"
"UN-76364","LL"
"UN-76448","YY"
"UN-76463","QQ"
"CA-76697","YY"
"UN-80639","ZZ"
"UN-81069","LL_American Addiction"
"UN-74438","ZZ"
"UN-51580","ZZ"
"UN-76417","QQ"
"UN-76393","ZZ"
"UN-76450","ZZ"
"US-76474","LL"
"US-76413","GG_BroadPath Healthcare"
"US-74682","PNG_QQ_Gold Mountain"
"UN-76429","ZZ"
"UN-76621","ZZ"
"UN-70255","QQ"
"UN-74695","ZZ"
"UN-76285","ZZ"
"UN-76722","QQ"
"UN-76400","ZZ"
"CA-76618","YY"
"UN-63860","C_ICAN"
"CA-57242","YY"
"CA-74228","YY"
"UN-76746","QQ"
"UN-76745","QQ"
"CO-76288","QQ_Apio Telecom"
"UN-72146","ZZ"
"UN-76765","QQ"
"UN-76764","ZZ"
"UN-76786","ZZ"
"UN-76698","YY"
"UN-76849","QQ"
"UN-73920","ZZ"
"UN-76846","QQ"
"UN-76819","YY"
"UN-76870","ZZ"
"UN-71578","YY"
"EC-76773","QQ"
"UN-76805","QQ"
"UN-69389","YY"
"UN-76868","ZZ"
"UN-76869","ZZ"
"UN-76867","ZZ"
"UN-76842","YY"
"99-A9200","DD"
"99-A9201","DD"
"99-A9202","DD"
"99-A9203","DD"
"99-A9204","DD"
"99-A9205","DD"
"99-A9206","DD"
"99-A9207","DD"
"99-A9208","DD"
"99-A9209","DD"
"99-A9210","DD"
"99-A9211","DD"
"99-A9212","DD"
"UN-80557","FF1"
"UN-68950","ZZ"
"99-A9213","DD"
"99-A9214","DD"
"99-A9215","DD"
"99-A9216","DD"
"99-A9217","DD"
"UN-71763","QQ"
"UN-74443","ZZ"
"UN-73729","ZZ"
"UN-64716","ZZ"
"CA-73433","YY"
"UN-80587","QQ"
"ME-76730","QQ"
"US-76541","YY"
"UN-80636","QQ"
"UN-41201","YY-RC_Social Solutions"
"UN-80561","ZZ"
"UN-80618","ZZ"
"99-A9218","DD"
"UN-68458","OO"
"UN-69153","ZZ"
"UN-55950","LL_American Addiction"
"UN-80708","FF"
"UN-74261","ZZ"
"99-A9219","DD"
"99-A9220","DD"
"99-A9221","DD"
"99-A9222","DD"
"99-A9223","DD"
"UN-80669","QQ"
"UN-80588","YY"
"UN-80566","QQ"
"UN-80603","ZZ"
"UN-80719","QQ"
"UN-71857","YY"
"UN-68832","ZZ"
"UN-74127","YY"
"UN-80695","YY"
"UN-80665","ZZ"
"UN-80575","QQ"
"UN-76772","YY"
"UN-80723","ZZ"
"UN-80735","QQ"
"UN-81074","ZZ"
"UN-81086","QQ"
"UN-81185","QQ"
"UN-81177","YY1_Big Dog Overage $0.0125"
"UN-81198","QQ"
"UN-70776","LL_Seibels"
"UN-69195","GG_Carecloud"
"UN-81211","QQ"
"UN-81186","ZZ"
"UN-81248","QQ"
"UN-81271","ZZ"
"UN-74323","YY"
"UN-76851","GG_Afni Sirius XM"
"ME-80597","QQ"
"UN-81301","QQ"
"UN-81072","YY"
"UN-66613","ZZ"
"UN-81346","QQ"
"UN-81172","ZZ"
"UN-81326","ZZ"
"UN-76381","QQ"
"UN-81380","QQ"
"CA-73731","QQ"
"US-81209","ZZ"
"UN-69394","ZZ"
"UN-81302","ZZ"
"CA-81733","QQ"
"UN-81092","ZZ"
"UN-81732","QQ"
"US-76876","ZZ"
"UN-80732","YY"
"UN-81183","ZZ"
"UN-64085","YY"
"UN-81754","QQ"
"UN-81755","ZZ"
"UN-82178","ZZ"
"UN-83522","YY"
"UN-84010","YY"
"UN-72925","YY"
"UN-74314","YY"
"CA-81227","YY"
"UN-81372","QQ_APFM"
"UN-81745","QQ_Star Bus Solutions"
"US-81370","YY"
"UN-82125","QQ"
"UN-82130","ZZ"
"UN-82124","QQ"
"UN-76420","ZZ"
"UN-81973","YY"
"UN-81761","QQ"
"UN-82161","QQ"
"UN-80613","YY"
"UN-81324","ZZ"
"UN-81213","ZZ"
"UN-82195","QQ"
"UN-82171","ZZ"
"UN-76374","YY1"
"UN-81729","ZZ"
"UN-81075","ZZ"
"UN-60580","ZZ"
"UN-81774","YY"
"UN-82473","ZZ"
"UN-46741","QQ"
"US-81392","ZZ"
"UN-82447","ZZ"
"UN-82474","YY"
"UN-72004","ZZ"
"UN-55214","QQ"
"UN-83385","QQ"
"UN-83400","QQ"
"UN-81306","ZZ"
"UN-83493","ZZ"
"UN-82803","ZZ"
"UN-81325","YY_RC_DGB"
"UN-83203","YY"
"CO-82652","YY1"
"UN-71603","YY"
"UN-81266","QQ"
"UN-83382","ZZ"
"UN-83539","QQ"
"UN-76545","ZZ"
"UN-84014","QQ"
"UN-83498","ZZ"
"UN-83717","QQ"
"UN-83991","LL"
"UN-89673","YY"
"UN-89740","YY"
"UN-89780","YY"
"UN-89840","ZZ"
"UN-90150","FF"
"UN-82482","ZZ"
"UN-84705","QQ"
"UN-84708","QQ"
"UN-84710","QQ"
"UN-84722","QQ"
"99-A9224","DD"
"99-A9226","DD"
"99-A9227","DD"
"UN-84704","QQ"
"99-A9230","DD"
"99-A9228","DD"
"99-A9229","DD"
"99-A9231","DD"
"99-A9232","DD"
"99-A9233","DD"
"99-A9234","DD"
"99-A9236","DD"
"99-A9235","DD"
"99-A9237","DD"
"99-A9238","DD"
"99-A9239","DD"
"99-A9240","DD"
"99-A9241","DD"
"99-A9242","DD"
"UN-76758","YY1"
"UN-82653","ZZ"
"UN-84721","YY"
"CA-82644","YY"
"UN-84011","YY"
"UN-84758","QQ"
"UN-73173","ZZ"
"UN-71881","ZZ"
"UN-84735","ZZ"
"UN-81342","ZZ"
"UN-82197","YY"
"UN-87677","QQ"
"UN-81727","ZZ"
"UN-87678","QQ"
"UN-81878","ZZ"
"UN-84015","ZZ"
"UN-87709","QQ"
"UN-87698","QQ"
"UN-74516","QQ"
"UN-87715","QQ"
"UN-87683","QQ"
"UN-87722","QQ"
"UN-87701","QQ"
"UN-87717","QQ"
"UN-87719","QQ"
"UN-83515","YY"
"UN-87738","QQ"
"UN-81082","ZZ"
"CA-83487","QQ"
"UN-87720","QQ"
"CA-87879","QQ"
"UN-87746","ZZ"
"UN-83556","ZZ_Beacon Ortho"
"UN-83376","YY"
"IN-87708","YY"
"UN-83489","ZZ"
"UN-82134","YY"
"UN-87889","ZZ"
"UN-88333","QQ"
"UN-88336","QQ"
"UN-88587","QQ"
"UN-88583","ZZ"
"UN-87714","QQ"
"UN-84754","YY"
"UN-88747","QQ"
"UN-73892","ZZ"
"UN-89547","QQ"
"UN-84741","YY"
"UN-72701","QQ"
"UN-87884","FF"
"UN-87888","FF"
"UN-88753","YY"
"UN-89565","ZZ"
"CO-82449","QQ_CAIMED"
"UN-83200","YY"
"UN-84767","ZZ"
"UN-89578","II"
"UN-76535","QQ"
"UN-73460","YY"
"UN-89638","QQ"
"UN-89684","QQ"
"UN-89685","QQ"
"99-A9255","DD"
"99-A9256","DD"
"99-A9257","DD"
"UN-84736","QQ"
"UN-81201","QQ"
"UN-89697","QQ"
"UN-89708","QQ"
"UN-89707","QQ"
"UN-81371","QQ_RC_DealerSocket"
"UN-89553","ZZ"
"CA-74426","YY"
"UN-76715","ZZ"
"UN-88735","II"
"UN-88716","QQ"
"UN-88331","ZZ"
"UN-73358","YY"
"UN-89739","QQ"
"UN-89770","YY"
"UN-89808","QQ"
"UN-81079","ZZ"
"UN-89804","QQ"
"UN-89757","QQ"
"UN-88580","YY"
"UN-89832","YY"
"UN-89760","QQ"
"UN-89880","QQ"
"UN-89748","QQ"
"UN-76699","YY"
"UN-83482","ZZ"
"UN-89857","YY"
"UN-89831","YY"
"CA-89903","QQ"
"UN-89890","FF"
"UN-89886","FF"
"UN-89888","FF"
"UN-82465","YY1"
"UN-89892","QQ"
"UN-89896","QQ"
"UN-89897","QQ"
"UN-89898","QQ"
"99-A9265","DD"
"99-A9266","DD"
"99-A9267","DD"
"99-A9268","DD"
"99-A9269","DD"
"99-A9270","DD"
"99-A9271","DD"
"99-A9272","DD"
"99-A9273","DD"
"99-A9274","DD"
"99-A9275","DD"
"99-A9276","DD"
"UN-89835","ZZ"
"CA-82466","YY"
"UN-89899","QQ"
"UN-89576","ZZ"
"UN-88340","QQ"
"CO-89730","QQ"
"UN-59538","ZZ"
"UN-89954","ZZ"
"UN-89964","ZZ"
"UN-89633","YY"
"UN-89682","LL"
"UN-89663","ZZ"
"UN-64761","YY"
"UN-34341","ZZ"
"UN-70462","QQ"
"UN-90055","QQ"
"CA-76277","YY"
"UN-90034","QQ"
"UN-89923","ZZ"
"UN-90056","QQ"
"CA-82416","QQ"
"UN-89930","ZZ"
"UN-90014","ZZ1"
"UN-90032","QQ"
"UN-51610","ZZ"
"UN-90075","QQ"
"UN-89662","ZZ"
"UN-90100","QQ"
"UN-89711","YY"
"UN-73121","YY"
"UN-90111","QQ"
"US-89894","YY"
"CA-80716","YY1"
"UN-89984","II"
"UN-73451","QQ_Buckeye"
"CA-89756","YY"
"UN-84778","LL"
"UN-90156","QQ"
"US-84783","YY"
"UN-90161","QQ"
"UN-67531","QQ"
"UN-89979","ZZ"
"UN-91310","QQ"
"CA-89884","YY"
"UN-81354","QQ"
"UN-91421","YY"
"UN-91787","QQ_M3Health"
"UN-91988","YY"
"UN-91986","ZZ"
"UN-92004","LL"
"UN-92130","YY"
"UN-92253","ZZ"
"UN-92342","LL_Seibels"
"UN-89912","YY"
"UN-89878","ZZ"
"UN-90171","YY"
"UN-89839","ZZ"
"UN-90168","ZZ"
"UN-91331","ZZ"
"UN-81180","QQ"
"UN-91322","ZZ"
"UN-90155","YY"
"UN-89829","QQ"
"UN-90094","QQ"
"UN-91359","QQ"
"UN-91358","QQ"
"UN-91360","QQ"
"UN-91354","ZZ"
"UN-48819","ZZ"
"UN-91365","YY1"
"UN-91398","YY"
"CA-91349","OO_Radialpoint"
"UN-45519","LL_PCCW"
"ME-91857","ZZ"
"UN-91352","LL"
"UN-82136","YY-RC_PGAA"
"UN-91386","QQ"
"UN-90029","ZZ"
"UN-91415","QQ"
"UN-91419","QQ"
"UN-89794","ZZ"
"CA-70842","YY"
"UN-89836","ZZ"
"UN-82463","ZZ"
"UN-91402","YY"
"UN-91452","QQ"
"UN-88732","ZZ"
"UN-91466","QQ"
"UN-91379","QQ"
"UN-89722","QQ"
"US-89986","YY"
"UN-91495","QQ"
"UN-91494","QQ"
"UN-91401","FF_IAA"
"UN-91385","YY"
"UN-91545","GG_ACME Brick"
"UN-75084","QQ"
"UN-83527","YY"
"UN-91524","GG_custom_all-0.012"
"UN-91537","QQ"
"UN-60768","QQ_Northland"
"UN-89753","ZZ"
"UN-73128","QQ"
"UN-89856","ZZ"
"UN-91727","YY"
"UN-91479","LL_Turf Terminators"
"UN-91750","ZZ"
"UN-89613","ZZ"
"UN-72963","ZZ"
"UN-82132","ZZ"
"UN-91621","QQ"
"US-91546","LL"
"UN-89938","QQ"
"UN-83506","YY"
"UN-91619","QQ"
"UN-91442","OO_Rock Connections"
"CA-91464","YY"
"UN-91323","YY"
"UN-91725","QQ"
"UN-91355","ZZ"
"UN-91513","ZZ"
"UN-89670","QQ"
"UN-91476","QQ"
"CA-91520","YY"
"UN-91741","YY"
"UN-84782","ZZ"
"UN-91705","QQ"
"UN-91782","ZZ"
"CA-91935","QQ"
"UN-91952","QQ"
"UN-91755","QQ_M3Health"
"PH-76752","ZZ"
"CA-91748","YY"
"UN-91766","QQ"
"UN-91664","YY"
"CA-91645","YY"
"UN-91745","ZZ"
"UN-91589","YY"
"UN-91788","ZZ"
"UN-91815","QQ"
"UN-91556","ZZ"
"UN-91422","ZZ"
"CA-91821","YY"
"UN-91713","QQ"
"UN-28886","QQ"
"UN-87741","QQ_CollegeAmerica2"
"UN-90061","YY"
"UN-91541","QQ"
"UN-89928","ZZ"
"UN-87694","YY"
"UN-91590","ZZ"
"UN-81384","ZZ"
"UN-91897","QQ"
"UN-89916","ZZ"
"UN-91874","ZZ"
"UN-41630","ZZ"
"UN-91957","ZZ"
"UN-91916","ZZ"
"UN-91860","QQ"
"CO-89715","QQ"
"IN-91805","QQ"
"UN-91919","ZZ"
"UN-91937","QQ"
"UN-91950","YY"
"UN-91943","FF_Education Dynamics"
"UN-91800","QQ"
"UN-91785","QQ"
"UN-92015","QQ"
"UN-91964","ZZ"
"UN-91904","QQ_Stanley BD"
"UN-91610","ZZ"
"UN-92059","FF"
"UN-91846","ZZ"
"UN-80656","YY1"
"UN-91992","YY"
"UN-92098","ZZ"
"UN-90077","ZZ"
"UN-92065","QQ"
"UN-92030","YY"
"UN-92122","QQ"
"UN-91722","FF"
"UN-91870","ZZ"
"UN-56776","ZZ"
"CA-92116","QQ"
"UN-89675","YY"
"CA-91695","YY"
"CA-91927","YY"
"UN-92180","QQ"
"UN-92158","QQ"
"US-92118","QQ"
"UN-92178","YY"
"US-92163","YY1"
"UN-92235","YY"
"UN-68186","QQ"
"UN-92110","YY1"
"UN-64834","ZZ"
"UN-91910","ZZ"
"UN-92286","QQ"
"UN-92086","QQ_Tech Support"
"UN-90102","LL"
"UN-26489","QQ"
"UN-92288","QQ"
"UN-92255","ZZ"
"UN-84781","ZZ"
"UN-92319","ZZ"
"UN-92326","QQ"
"UN-92327","QQ"
"UN-92328","QQ"
"UN-92139","YY"
"UN-92336","QQ"
"UN-92143","QQ"
"UN-80625","LL"
"CA-92347","QQ"
"UN-92358","QQ"
"UN-91783","QQ"
"UN-92184","YY"
"UN-92371","LL"
"IN-92489","SS_Teachheal CA"
"UN-92394","QQ"
"UN-81304","ZZ"
"UN-91596","LL"
"UN-47733","YY"
"UN-92045","YY"
"UN-91680","QQ_Broadvoice"
"IN-92415","QQ"
"UN-91412","ZZ"
"UN-92377","ZZ"
"CO-81378","QQ_PayU"
"UN-89956","ZZ"
"UN-82450","QQ"
"UN-92463","QQ"
"UN-60268","QQ"
"CA-32800","YY"
"IN-82494","SS_Teachheal CA"
"PA-92353","ZZ"
"UN-92229","YY"
"CA-92488","QQ"
"UN-92491","QQ"
"UN-88342","ZZ"
"UN-91424","YY"
"UN-68088","QQ"
"UN-92023","ZZ"
"UN-92296","ZZ"
"UN-92555","QQ"
"UN-92596","QQ"
"UN-92309","YY"
"UN-92458","ZZ"
"UN-92480","YY"
"UN-92317","ZZ"
"UN-39784","YY"
"UN-92641","QQ"
"PH-92622","QQ"
"UN-92613","YY"
"UN-92661","ZZ"
"UN-92707","YY"
"UN-92713","ZZ"
"UN-92700","ZZ"
"UN-92752","LL"
"UN-92758","YY"
"UN-92801","ZZ"
"UN-92855","QQ"
"UN-92650","QQ"
"UN-92561","YY"
"UN-92635","YY"
"UN-91439","ZZ"
"UN-91510","QQ"
"UN-66503","YY"
"UN-91682","YY"
"UN-92505","YY"
"UN-92695","QQ"
"UN-92687","QQ"
"CA-91861","QQ"
"UN-91516","QQ"
"UN-92744","QQ"
"UN-92603","ZZ"
"UN-92761","QQ"
"IS-92423","LL"
"UN-92507","ZZ"
"UN-89624","ZZ"
"UN-92276","QQ"
"UN-92808","QQ"
"UN-92812","ZZ"
"UN-92053","ZZ"
"UN-92688","ZZ"
"UN-92330","QQ"
"UN-91836","ZZ"
"UN-89527","YY"
"UN-92867","QQ"
"CA-92493","YY"
"UN-92816","ZZ"
"UN-81191","YY"
"UN-92481","YY"
"UN-92368","ZZ"
"UN-92792","ZZ"
"UN-92791","YY"
"UN-66075","ZZ"
"UN-92396","YY"
"UN-92893","QQ"
"UN-92807","YY"
"UN-89591","QQ_Synapse"
"UN-92884","ZZ"
"UN-92925","QQ"
"UN-92454","YY"
"CA-92873","YY"
"UN-92907","ZZ"
"UN-93007","QQ"
"UN-93039","ZZ"
"UN-93073","QQ"
"IS-93140","QQ"
"UN-93225","QQ"
"UN-93151","ZZ"
"UN-93224","QQ_Synapse"
"UN-91333","ZZ"
"UN-80738","YY1"
"UN-92571","QQ_Provo Craft"
"UN-92961","QQ"
"UN-74341","QQ"
"UN-92944","QQ_Stanley BD"
"UN-92931","QQ_Stanley BD"
"UN-92932","QQ_Stanley BD"
"UN-92803","QQ_Stanley BD"
"UN-92883","ZZ"
"UN-92933","QQ_Stanley BD"
"UN-92934","QQ_Stanley BD"
"UN-92946","QQ_Stanley BD"
"UN-92935","QQ_Stanley BD"
"UN-92947","QQ_Stanley BD"
"UN-92939","QQ_Stanley BD"
"UN-92948","QQ_Stanley BD"
"UN-92954","QQ_Stanley BD"
"UN-92956","QQ_Stanley BD"
"UN-92957","QQ_Stanley BD"
"PA-92725","QQ"
"UN-92781","ZZ"
"UN-92823","ZZ"
"UN-92997","QQ"
"UN-92382","ZZ"
"CA-92912","YY"
"UN-92999","QQ"
"UN-70519","QQ_Rise Broadband"
"UN-92536","QQ_NRA"
"UN-91900","LL"
"UN-93015","QQ"
"UN-93025","ZZ"
"UN-92994","QQ"
"UN-93014","QQ"
"UN-93013","QQ"
"UN-92656","ZZ"
"UN-92927","ZZ"
"UN-57806","ZZ"
"US-92521","YY"
"UN-89595","QQ_Prosper"
"UN-93054","FF"
"UN-90169","YY"
"UN-93068","ZZ"
"UN-93099","QQ"
"UN-70024","ZZ"
"UN-70015","QQ"
"UN-93120","ZZ"
"UN-92865","YY"
"UN-93116","ZZ"
"UN-76712","YY"
"UN-93176","QQ"
"US-92834","YY1"
"UN-93124","FF1_Instinct Tech"
"UN-93128","ZZ"
"UN-92600","ZZ"
"UN-92735","YY"
"CA-93189","YY"
"UN-93055","YY"
"UN-92857","ZZ"
"UN-92477","ZZ"
"UN-93196","QQ"
"US-73446","YY"
"UN-91325","YY"
"CA-68437","YY"
"UN-87684","QQ"
"UN-93226","QQ"
"UN-61975","YY"
"UN-93229","QQ"
"UN-92949","ZZ"
"UN-92992","QQ"
"UN-93271","II"
"UN-92250","QQ_WhyNotLeaseIt"
"UN-93186","ZZ"
"UN-93312","QQ"
"UN-93291","QQ"
"UN-93306","QQ"
"UN-93481","YY"
"UN-93485","QQ"
"UN-93587","YY"
"UN-93600","FF"
"UN-93993","GG_custom_all-0.012"
"UN-93992","GG_custom_all-0.012"
"UN-93991","GG_custom_all-0.012"
"UN-94068","GG_custom_all-0.012"
"UN-94115","YY"
"UN-93030","QQ"
"UN-90807","QQ_Eli Lilly"
"US-93269","II"
"UN-93320","YY"
"UN-93262","YY"
"UN-92910","ZZ"
"UN-92806","YY"
"UN-93072","ZZ"
"UN-52304","YY"
"UN-93369","ZZ"
"UN-93266","FF"
"UN-93375","ZZ"
"UN-93203","II"
"UN-68155","QQ"
"UN-93358","LL"
"UN-84001","QQ_McKesson"
"US-93285","YY"
"UN-72205","YY"
"99-A9315","DD"
"UN-92056","YY"
"UN-93255","QQ"
"UN-93405","QQ"
"UN-93158","ZZ"
"UN-93441","QQ"
"UN-93350","YY"
"CA-92918","YY"
"UN-93438","ZZ"
"UN-92892","ZZ"
"UN-93456","QQ"
"UN-93445","ZZ"
"CO-93472","YY"
"UN-93465","ZZ"
"UN-92136","YY"
"UN-93486","QQ"
"UN-93474","YY"
"UN-92966","ZZ"
"UN-93479","YY"
"UN-71747","QQ"
"UN-93502","LL_PCCW"
"US-93163","ZZ"
"UN-93365","ZZ"
"UN-93523","ZZ"
"UN-81882","YY"
"UN-93522","QQ_NRG Home Solar"
"UN-93565","QQ"
"CA-92173","YY"
"UN-93564","QQ"
"UN-93571","QQ"
"UN-93367","YY"
"UN-93086","ZZ"
"UN-93078","ZZ"
"UN-93584","QQ"
"UN-93544","ZZ"
"UN-93575","ZZ"
"UN-93496","ZZ"
"UN-93309","YY"
"UN-93628","QQ_Stanley BD"
"UN-93178","ZZ"
"UN-81334","YY"
"UN-93585","ZZ"
"UN-93532","YY"
"UN-92906","ZZ"
"UN-92914","YY"
"UN-93635","QQ"
"UN-93556","GG_Afni Sirius XM"
"US-93623","ZZ"
"UN-93675","YY"
"UN-93043","QQ_Synapse"
"UN-92995","ZZ"
"UN-93519","ZZ"
"UN-93690","ZZ"
"UN-93706","QQ"
"UN-93691","QQ"
"UN-93692","QQ"
"UN-93697","QQ"
"UN-93683","QQ"
"UN-93682","ZZ"
"UN-93670","QQ"
"UN-93679","QQ"
"UN-93495","ZZ"
"ME-92929","QQ"
"US-93595","KK_OnDeck"
"UN-93432","ZZ"
"UN-71408","ZZ"
"UN-93715","YY"
"UN-49686","ZZ"
"UN-93664","ZZ"
"UN-93239","ZZ"
"UN-93620","ZZ"
"UN-91735","ZZ"
"UN-67529","ZZ"
"UN-93569","ZZ"
"UN-93788","ZZ"
"UN-93421","ZZ"
"US-93802","ZZ"
"UN-93843","ZZ"
"UN-87728","ZZ"
"UN-93756","YY"
"UN-91749","QQ"
"UN-93828","ZZ"
"UN-93864","QQ"
"US-93261","OO"
"UN-93705","ZZ"
"UN-66265","QQ"
"UN-93768","YY"
"UN-93894","ZZ"
"UN-92503","ZZ"
"US-93801","ZZ"
"US-93695","YY"
"UN-93924","QQ"
"UN-92895","ZZ"
"UN-93917","YY"
"UN-93961","QQ"
"UN-93966","QQ"
"UN-93149","ZZ"
"UN-93965","ZZ"
"UN-93983","QQ"
"UN-93844","YY"
"UN-92181","ZZ"
"UN-93846","ZZ"
"UN-94002","QQ"
"UN-94004","QQ"
"UN-73034","QQ"
"UN-94030","QQ"
"UN-93344","YY"
"UN-93370","QQ"
"UN-93295","ZZ"
"UN-78393","QQ"
"UN-93877","ZZ"
"UN-94028","YY"
"US-94013","ZZ"
"UN-94059","QQ"
"UN-93709","YY"
"UN-92519","YY"
"UN-93318","ZZ"
"US-93770","ZZ"
"UN-93388","QQ_Magic Jack"
"UN-94077","ZZ"
"UN-66737","ZZ"
"UN-94112","YY"
"UN-93751","ZZ"
"UN-93765","ZZ"
"UN-93629","QQ_Stanley BD"
"UN-93574","QQ_Stanley BD"
"UN-93578","QQ_Stanley BD"
"UN-94091","QQ"
"UN-94089","QQ"
"UN-94117","QQ"
"UN-93958","FF1"
"UN-93688","ZZ"
"UN-92403","YY"
"UN-94136","ZZ"
"UN-94155","ZZ"
"UN-94010","GG_BroadPath Healthcare"
"UN-94171","QQ"
"US-93182","ZZ"
"UN-93700","YY"
"UN-94170","ZZ"
"UN-94190","ZZ"
"UN-94201","QQ"
"UN-93338","II"
"UN-94197","QQ"
"UN-94184","ZZ"
"UN-93387","ZZ"
"US-94142","QQ"
"UN-93814","ZZ"
"US-93914","YY"
"UN-94247","QQ"
"UN-94228","YY"
"99-A9322","ZZ"
"99-A9319","ZZ"
"99-A9323","ZZ"
"UN-94297","QQ"
"UN-94279","YY"
"US-94058","LL_Freedom Pop"
"UN-94264","QQ"
"UN-73021","OO"
"UN-94165","YY"
"UN-94001","ZZ"
"UN-91327","QQ"
"UN-94084","LL"
"UN-94287","QQ"
"UN-94284","QQ"
"UN-94286","QQ"
"UN-94283","QQ"
"UN-94330","QQ"
"UN-94324","QQ"
"UN-94325","QQ"
"UN-94332","QQ"
"UN-94333","QQ"
"UN-94334","QQ"
"UN-94370","QQ"
"UN-94338","QQ"
"UN-94335","QQ"
"UN-94339","QQ"
"UN-94336","QQ"
"UN-94337","QQ"
"UN-94356","QQ"
"UN-94354","QQ"
"UN-94352","QQ"
"UN-94364","QQ"
"UN-45739","ZZ"
"UN-94355","QQ"
"UN-94357","QQ"
"UN-94369","QQ"
"UN-94378","QQ"
"UN-94109","ZZ"
"UN-94313","YY"
"UN-28912","YY1"
"UN-94365","QQ"
"UN-94353","QQ"
"UN-94351","QQ"
"UN-81208","YY"
"UN-81393","ZZ"
"UN-93746","YY"
"UN-94425","QQ"
"UN-94426","QQ"
"UN-91584","QQ"
"UN-94427","QQ"
"UN-94428","QQ"
"UN-94375","QQ_Synapse"
"UN-94156","ZZ"
"UN-93890","ZZ"
"UN-94446","QQ"
"UN-94445","QQ"
"CA-93656","YY"
"UN-93077","QQ_Braintree"
"UN-62584","QQ"
"UN-91878","QQ"
"UN-93906","YY"
"UN-93826","YY"
"UN-93726","ZZ"
"UN-93960","ZZ"
"UN-94413","ZZ"
"UN-91828","YY"
"UN-92082","ZZ"
"UN-94512","YY"
"UN-94526","QQ"
"UN-94344","YY"
"UN-94180","ZZ"
"UN-94496","YY1"
"UN-94545","YY1_Big Dog Overage $0.0125"
"UN-94540","QQ"
"UN-91569","QQ"
"UN-94434","ZZ"
"UN-94566","QQ"
"UN-68300","QQ"
"CA-94266","YY"
"UN-94561","YY"
"UN-94350","YY"
"UN-94497","QQ"
"US-94492","YY"
"UN-70194","QQ"
"UN-94543","YY"
"UN-94033","YY"
"UN-94610","ZZ"
"UN-91886","ZZ"
"UN-94397","QQ_Eli Lilly"
"UN-93982","YY"
"UN-94544","YY"
"UN-94451","ZZ"
"UN-94646","QQ"
"UN-94639","ZZ"
"UN-94647","ZZ"
"CA-94441","YY"
"UN-92407","YY"
"IS-94674","QQ_NICE"
"UN-92843","ZZ"
"UN-94676","ZZ"
"99-A9327","DD"
"99-A9328","DD"
"99-A9329","DD"
"UN-94640","ZZ"
"UN-94677","QQ"
"99-A9330","DD"
"99-A9331","DD"
"99-A9332","DD"
"CA-94485","YY"
"UN-94513","FF1_Oasis Marketing"
"UN-91731","YY"
"UN-94678","QQ"
"UN-94683","ZZ"
"UN-93487","ZZ"
"UN-92020","QQ_Sterling Jewelers"
"UN-93136","YY"
"UN-94712","YY"
"UN-94726","ZZ"
"IS-94710","QQ_NICE"
"UN-94874","QQ"
"UN-94949","ZZ"
"UN-94951","ZZ"
"UN-94975","ZZ"
"UN-94977","YY"
"UN-95212","QQ"
"UN-95498","QQ"
"UN-94643","ZZ"
"UN-94154","YY"
"UN-90118","QQ"
"UN-94637","ZZ"
"CA-94724","YY"
"UN-94534","ZZ"
"UN-94069","ZZ"
"CA-82464","YY"
"UN-80647","ZZ"
"US-94655","YY"
"UN-94257","YY"
"UN-94636","QQ_Concentrix"
"UN-94715","ZZ"
"UN-94703","ZZ"
"UN-94756","QQ"
"UN-93895","ZZ"
"UN-94790","QQ"
"UN-94774","ZZ"
"UN-94270","ZZ"
"UN-94616","ZZ"
"CA-93470","YY"
"UN-94734","ZZ"
"UN-94817","QQ"
"US-94550","ZZ"
"US-94801","FF"
"UN-94657","YY"
"UN-94509","ZZ"
"UN-94813","QQ"
"CA-94752","YY"
"UN-93100","ZZ"
"UN-71889","ZZ"
"UN-94844","FF"
"UN-94871","QQ"
"UN-94748","YY"
"US-94666","ZZ"
"UN-94838","YY"
"CA-94875","QQ"
"US-94755","YY"
"US-94806","FF1"
"UN-70439","ZZ"
"US-94596","YY"
"UN-94583","QQ_Eli Lilly"
"UN-94424","YY"
"PH-94718","ZZ"
"UN-93467","ZZ"
"CA-94988","YY"
"UN-94214","ZZ"
"UN-93934","YY"
"UN-92866","ZZ"
"UN-94912","ZZ"
"UN-95005","ZZ"
"UN-93287","ZZ"
"UN-94644","YY"
"UN-93323","ZZ"
"CA-94483","YY"
"UN-95044","ZZ"
"UN-95046","ZZ"
"CA-94852","YY"
"UN-43922","YY_Westat"
"UN-93748","ZZ"
"UN-44758","QQ_Signpost"
"UN-95037","YY"
"IN-92177","ZZ_Access Health"
"UN-95069","ZZ"
"UN-95055","ZZ"
"UN-91830","YY"
"UN-94716","ZZ"
"UN-94562","ZZ"
"UN-95096","QQ"
"UN-94815","ZZ"
"UN-95011","YY"
"UN-94025","YY"
"UN-95123","ZZ"
"UN-94959","ZZ"
"UN-95188","QQ"
"CA-95119","YY"
"US-95101","KK"
"UN-95049","YY"
"UN-92277","YY"
"UN-95130","YY"
"UN-94100","QQ_Advanced Disposal"
"UN-94848","QQ"
"UN-95146","QQ"
"UN-58724","QQ_Sutherland"
"UN-95151","YY"
"UN-94709","ZZ"
"UN-95154","ZZ"
"UN-94720","ZZ"
"UN-95071","QQ_Penn Foster"
"UN-94260","ZZ"
"UN-95237","QQ"
"GE-95244","QQ"
"UN-94913","QQ"
"GE-95310","QQ"
"CA-91532","YY"
"UN-95167","ZZ"
"US-95161","ZZ"
"CA-95195","YY"
"UN-95225","ZZ"
"UN-94991","II"
"UN-94826","YY"
"UN-95282","QQ"
"UN-94590","YY"
"UN-95276","ZZ"
"UN-95307","QQ"
"UN-95121","SS"
"UN-95312","QQ"
"UN-94956","ZZ"
"UN-95314","ZZ"
"CO-94134","QQ"
"CA-94892","ZZ"
"CA-95336","QQ"
"UN-95104","ZZ"
"UN-95382","QQ"
"UN-95328","ZZ"
"UN-95316","YY"
"UN-93819","LL"
"US-94984","ZZ"
"UN-95397","QQ"
"UN-95353","YY"
"UN-95422","ZZ"
"UN-94118","YY"
"US-95343","ZZ"
"UN-95259","LL"
"99-A9997","DD"
"UN-89783","QQ"
"JA-94400","QQ_AOG"
"UN-90484","QQ_Quintiles"
"UN-94795","ZZ"
"CA-95519","YY"
"UN-95420","QQ"
"UN-95187","YY"
"US-94833","YY"
"UN-95435","YY"
"US-94995","YY"
"UN-95430","YY"
"UN-95460","QQ"
"UN-81236","QQ_Quintiles"
"UN-95477","YY"
"US-95476","YY"
"UN-95472","QQ"
"UN-36370","ZZ"
"CA-95131","YY"
"US-72984","YY"
"UN-76282","YY"
"UN-95520","ZZ"
"UN-95467","YY"
"CA-93969","YY"
"UN-93868","YY"
"UN-95533","ZZ"
"UN-95495","YY"
"UN-95513","QQ"
"CA-95641","YY"
"UN-95736","QQ"
"UN-95810","QQ"
"UN-95880","YY"
"UN-95906","ZZ"
"PH-95971","YY"
"UN-95890","QQ_Quintiles"
"UN-95988","LL"
"US-95487","ZZ"
"CA-95251","YY"
"UN-95260","ZZ"
"UN-95474","ZZ"
"UN-95208","YY"
"UN-94049","YY"
"CH-95511","QQ"
"UN-95594","QQ"
"UN-95589","QQ"
"UN-95595","QQ"
"UN-73041","QQ"
"UN-95490","QQ"
"UN-94245","QQ"
"UN-69432","YY"
"UN-32345","QQ"
"LI-95554","QQ"
"UN-95604","ZZ"
"UN-95629","QQ"
"UN-80718","ZZ"
"UN-94217","LL_McKesson"
"UN-95647","ZZ"
"UN-95700","QQ"
"US-95448","YY"
"PH-95557","YY"
"UN-95205","QQ"
"UN-95246","ZZ"
"UN-95538","ZZ"
"UN-95667","QQ"
"UN-95668","QQ"
"US-95638","GG - Do not use - requires SVP approval"
"UN-95682","QQ"
"CO-95674","ZZ"
"UN-95649","ZZ"
"99-A9339","DD"
"99-A9340","DD"
"UN-93615","ZZ"
"UN-95480","QQ"
"UN-95743","QQ"
"UN-95720","ZZ"
"CA-95694","YY"
"UN-95744","QQ"
"UN-95245","ZZ"
"UN-95750","ZZ"
"UN-95787","QQ"
"US-95797","FF1"
"UN-93811","YY"
"UN-94895","ZZ"
"UN-95348","QQ"
"UN-95640","QQ"
"CA-69438","QQ"
"UN-95852","QQ"
"UN-95735","ZZ"
"US-95828","ZZ"
"UN-95823","QQ"
"UN-95824","QQ"
"CA-95818","YY"
"UN-95628","YY"
"US-95765","YY"
"UN-95264","YY"
"US-95624","YY"
"UN-89728","ZZ"
"UN-93476","ZZ"
"UN-95758","ZZ"
"UN-95895","QQ_Sterling Jewelers"
"US-95593","C_ICAN"
"IN-95862","QQ"
"UN-94481","ZZ"
"UN-94791","ZZ"
"UN-95876","ZZ"
"UN-93685","QQ"
"UN-93922","FF"
"UN-93482","YY"
"UN-95861","YY"
"UN-95867","YY"
"UN-95806","ZZ"
"UN-95943","QQ"
"UN-95537","YY"
"UN-95277","ZZ"
"UN-95625","ZZ"
"US-95826","YY"
"UN-74224","QQ"
"UN-95942","QQ"
"UN-95742","KK_OnDeck"
"UN-95923","QQ"
"UN-95865","YY"
"UN-95470","ZZ"
"UN-94367","QQ"
"UN-95847","ZZ"
"UN-95881","ZZ"
"US-95974","ZZ"
"UN-95239","LL"
"UN-95228","YY"
"UN-95846","ZZ"
"UN-95074","ZZ"
"UN-94929","YY"
"UN-95832","YY"
"UN-43314","YY"
"UN-94805","ZZ"
"CA-95686","YY"
"UN-94433","YY1"
"UN-93507","YY"
"UN-95995","QQ"
"UN-95990","QQ"
"UN-96001","QQ"
"UN-82158","ZZ"
"UN-93773","QQ_IQMS"
"UN-93576","QQ_Stanley BD"
"UN-95275","YY"
"UN-94471","QQ_eDriving"
"UN-95845","YY"
"UN-87660","QQ_Life Quotes"
"EC-95357","QQ_Bumeran"
"UN-96004","ZZ"
"UN-96018","QQ_eDriving"
"CA-96080","QQ"
"UN-96104","YY"
"UN-96309","YY"
"UN-96329","QQ_Stanley BD"
"UN-96227","YY_Polaris"
"UN-96559","YY"
"UN-96009","ZZ"
"UN-95283","QQ_Life Quotes"
"UN-94648","FF-all 1.34"
"UN-96033","QQ"
"UN-95941","ZZ"
"US-95771","YY"
"UN-95915","YY"
"UN-93972","YY"
"UN-96031","QQ"
"UN-95842","YY"
"UN-96011","ZZ"
"UN-95885","ZZ"
"UN-96016","YY"
"UN-95993","YY"
"UN-92344","YY"
"UN-96066","QQ"
"UN-66181","QQ"
"UN-66767","QQ"
"UN-94523","YY"
"UN-95733","ZZ"
"UN-96024","YY"
"UN-96073","QQ"
"US-95734","YY"
"UN-95962","YY"
"UN-93052","YY"
"ME-95272","QQ_Estragetica"
"US-95772","YY"
"UN-95932","ZZ"
"UN-95273","OO_Alliance"
"UN-95644","OO_Alliance"
"UN-96112","QQ"
"UN-96105","QQ"
"UN-95882","ZZ"
"UN-95634","ZZ"
"UN-94819","ZZ"
"UN-96083","ZZ"
"UN-96038","ZZ"
"UN-94735","YY"
"UN-95697","YY"
"UN-96109","QQ"
"CA-94493","YY"
"UN-96138","QQ"
"UN-95718","ZZ1"
"UN-95065","YY"
"UN-96184","QQ"
"UN-96062","ZZ"
"ME-94585","QQ_Kueski"
"UN-96183","ZZ"
"UN-96094","ZZ"
"UN-93499","YY"
"UN-96039","ZZ"
"UN-96084","ZZ"
"UN-94810","YY"
"UN-96241","QQ"
"UN-96235","QQ"
"UN-96219","QQ"
"UN-94781","ZZ"
"UN-94405","ZZ"
"UN-94941","YY1"
"UN-96249","QQ"
"UN-64362","YY_Polaris"
"UN-96193","QQ"
"UN-96209","YY"
"UN-92975","ZZ"
"UN-92689","YY"
"CA-96165","YY"
"UN-96228","QQ"
"UN-96149","YY"
"UN-96108","ZZ"
"UN-95978","ZZ"
"UN-95874","ZZ"
"UN-96261","ZZ"
"UN-95807","ZZ"
"UN-89721","YY"
"UN-96171","ZZ"
"UN-92905","ZZ"
"UN-93980","YY"
"UN-96258","QQ"
"UN-83985","YY"
"UN-95731","YY"
"UN-96092","ZZ"
"UN-96306","QQ"
"CA-96118","YY"
"UN-96273","ZZ"
"99-A9390","DD"
"99-A9391","DD"
"99-A9392","DD"
"US-94675","YY"
"UN-96212","ZZ"
"UN-94409","YY"
"UN-96308","YY"
"UN-95683","ZZ"
"US-96058","YY"
"UN-96158","QQ"
"UN-96220","YY"
"UN-96254","ZZ"
"US-95759","ZZ"
"UN-96338","QQ"
"UN-96343","QQ"
"US-96231","YY"
"UN-96252","KK_OnDeck"
"UN-96365","QQ"
"UN-95705","YY"
"UN-96367","QQ"
"99-A9393","DD"
"99-A9394","DD"
"99-A9395","DD"
"UN-96331","ZZ"
"UN-82149","ZZ"
"UN-96409","QQ"
"UN-96377","QQ"
"UN-96410","QQ"
"UN-96353","ZZ"
"UN-96218","ZZ"
"UN-96398","QQ"
"UN-96164","ZZ"
"UN-96399","QQ"
"UN-96400","QQ"
"VI-96376","QQ"
"UN-96405","QQ"
"UN-96407","QQ"
"UN-96408","QQ"
"UN-96402","QQ"
"UN-96403","QQ"
"UN-96401","QQ"
"UN-57109","YY"
"CA-95281","YY"
"PE-95784","QQ"
"UN-96142","QQ"
"UN-44263","ZZ"
"US-95896","ZZ"
"UN-96440","YY"
"UN-96169","QQ"
"CA-73001","YY"
"UN-96432","YY"
"UN-96093","ZZ"
"UN-96349","ZZ"
"UN-96242","ZZ"
"UN-69933","YY"
"UN-96375","QQ_Eli Lilly"
"UN-96159","ZZ"
"UN-96404","QQ"
"UN-96460","ZZ"
"UN-96202","ZZ"
"UN-95808","ZZ"
"UN-96430","ZZ"
"UN-96458","QQ"
"UN-96470","QQ"
"UN-96482","QQ"
"UN-95940","ZZ"
"CO-96520","QQ"
"UN-96524","QQ"
"US-95551","ZZ"
"UN-96065","ZZ"
"UN-96494","ZZ"
"UN-96342","ZZ"
"UN-96528","ZZ"
"UN-96484","ZZ"
"UN-96234","ZZ"
"UN-96535","QQ"
"UN-95997","ZZ"
"UN-96543","QQ"
"UN-95676","YY"
"UN-96589","QQ"
"UN-76782","YY"
"UN-96599","QQ"
"UN-96454","ZZ"
"UN-96499","ZZ"
"UN-96531","YY"
"UN-96384","ZZ"
"UN-96096","ZZ"
"UN-96590","QQ"
"UN-96581","ZZ"
"UN-96069","ZZ"
"UN-96498","ZZ"
"UN-94212","QQ"
"UN-96530","ZZ"
"UN-96153","ZZ"
"UN-95092","QQ"
"UN-59369","DD"
"UN-59365","DD"
"UN-59367","DD"
"UN-60606","DD"
"UN-60590","DD"
"UN-60598","DD"
"UN-60607","DD"
"UN-60591","DD"
"UN-60599","DD"
"UN-60600","DD"
"UN-60592","DD"
"UN-60609","DD"
"UN-60610","DD"
"UN-60594","DD"
"UN-60603","DD"
"UN-61260","DD"
"UN-60771","DD"
"UN-60611","DD"
"UN-60595","DD"
"UN-60604","DD"
"UN-60613","DD"
"UN-60597","DD"
"UN-60605","DD"
"UN-61794","DD"
"UN-61054","DD"
"UN-61288","DD"
"UN-61795","DD"
"UN-61055","DD"
"UN-61335","DD"
"UN-61796","DD"
"UN-61058","DD"
"UN-61354","DD"
"UN-61797","DD"
"UN-61059","DD"
"UN-61386","DD"
"UN-61798","DD"
"UN-61060","DD"
"UN-61387","DD"
"UN-61799","DD"
"UN-61061","DD"
"UN-61388","DD"
"UN-61800","DD"
"UN-61276","DD"
"UN-61390","DD"
"UN-61801","DD"
"UN-61277","DD"
"UN-61392","DD"
"UN-61802","DD"
"UN-61278","DD"
"UN-61393","DD"
"UN-61804","DD"
"UN-61282","DD"
"UN-61394","DD"
"UN-61805","DD"
"UN-61283","DD"
"UN-61556","DD"
"UN-61806","DD"
"UN-61286","DD"
"UN-61559","DD"
"UN-61807","DD"
"UN-61287","DD"
"UN-61561","DD"
"99-A9070","T"
"UN-62572","DD"
"99-48048","DD"
"99-48049","DD"
"99-48050","DD"
"99-48051","DD"
"99-48052","DD"
"99-48053","DD"
"99-48054","DD"
"99-48055","DD"
"99-48056","DD"
"99-48057","DD"
"99-48058","DD"
"99-48059","DD"
"99-48060","DD"
"99-48061","DD"
"99-48062","DD"
"99-48063","DD"
"99-48064","DD"
"99-48065","DD"
"99-48066","DD"
"99-48067","DD"
"99-48068","DD"
"99-48069","DD"
"99-48070","DD"
"99-48071","DD"
"99-48072","DD"
"99-48073","DD"
"99-48074","DD"
"99-A9078","DD"
"99-A9079","DD"
"99-A9080","DD"
"99-A9130","DD"
"99-A9131","DD"
"99-A9132","DD"
"99-A9133","DD"
"99-A9134","DD"
"99-A9135","DD"
"99-A9136","DD"
"99-A9137","DD"
"99-A9138","DD"
"99-A9139","DD"
"99-A9140","DD"
"99-A9141","DD"
"99-A9142","DD"
"99-A9143","DD"
"99-A9144","DD"
"99-A9145","DD"
"99-A9146","DD"
"99-A9147","DD"
"99-A9148","DD"
"99-A9149","DD"
"99-A9150","DD"
"99-A9151","DD"
"99-A9152","DD"
"99-A9153","DD"
"99-A9243","DD"
"99-A9244","DD"
"99-A9245","DD"
"99-A9246","DD"
"99-A9247","DD"
"99-A9248","DD"
"99-A9249","DD"
"99-A9250","DD"
"99-A9251","DD"
"99-A9252","DD"
"99-A9253","DD"
"99-A9254","DD"
"99-A9259","DD"
"99-A9260","DD"
"99-A9261","DD"
"99-A9262","DD"
"99-A9263","DD"
"99-A9264","DD"
"99-A9283","DD"
"99-A9284","DD"
"99-A9285","DD"
"99-A9286","DD"
"99-A9287","DD"
"99-A9277","DD"
"99-A9278","DD"
"99-A9279","DD"
"99-A9288","DD"
"99-A9280","DD"
"99-A9281","DD"
"99-A9282","DD"
"99-A9289","DD"
"99-A9290","DD"
"99-A9291","DD"
"99-A9292","DD"
"99-A9293","DD"
"99-A9294","DD"
"99-A9295","DD"
"99-A9296","DD"
"99-A9297","DD"
"99-A9298","DD"
"99-A9299","DD"
"99-A9300","DD"
"99-A9301","DD"
"99-A9302","DD"
"99-A9303","DD"
"99-A9304","DD"
"99-A9305","DD"
"99-A9306","DD"
"99-A9316","DD"
"99-A9317","DD"
"99-A9318","DD"
"99-A9321","ZZ"
"99-A9324","DD"
"99-A9325","DD"
"99-A9326","DD"
"99-A9333","DD"
"99-A9334","DD"
"99-A9335","DD"
"99-A9336","DD"
"99-A9337","DD"
"99-A9338","DD"
"99-A9341","DD"
"99-A9342","DD"
